Id,Cement,Blast Furnace Slag,Fly Ash,Water,Superplasticizer,Coarse Aggregate,Fine Aggregate,Age,Strength
230,376.0 ,0.0 ,0.0 ,214.6 ,0.0 ,1003.5 ,762.4 ,3 ,16.28 
231,491.0 ,26.0 ,123.0 ,210.0 ,3.9 ,882.0 ,699.0 ,56 ,59.59 
232,250.0 ,0.0 ,95.7 ,187.4 ,5.5 ,956.9 ,861.2 ,3 ,13.82 
233,310.0 ,0.0 ,0.0 ,192.0 ,0.0 ,1012.0 ,830.0 ,90 ,35.76 
234,252.1 ,97.1 ,75.6 ,193.8 ,8.3 ,835.5 ,821.4 ,28 ,33.40 
235,151.0 ,0.0 ,184.0 ,167.0 ,12.0 ,991.0 ,772.0 ,28 ,15.57 
236,192.0 ,288.0 ,0.0 ,192.0 ,0.0 ,929.8 ,716.1 ,3 ,12.79 
237,259.9 ,100.6 ,78.4 ,170.6 ,10.4 ,935.7 ,762.9 ,28 ,49.77 
238,236.0 ,0.0 ,0.0 ,194.0 ,0.0 ,968.0 ,885.0 ,3 ,6.47 
239,159.0 ,187.0 ,0.0 ,176.0 ,11.0 ,990.0 ,789.0 ,28 ,32.76 
240,305.3 ,203.5 ,0.0 ,203.5 ,0.0 ,965.4 ,631.0 ,7 ,25.89 
241,380.0 ,95.0 ,0.0 ,228.0 ,0.0 ,932.0 ,594.0 ,270 ,41.15 
242,183.9 ,122.6 ,0.0 ,203.5 ,0.0 ,959.2 ,800.0 ,90 ,32.53 
243,480.0 ,0.0 ,0.0 ,192.0 ,0.0 ,936.0 ,721.0 ,28 ,43.89 
244,166.8 ,250.2 ,0.0 ,203.5 ,0.0 ,975.6 ,692.6 ,7 ,15.75 
245,302.0 ,0.0 ,0.0 ,203.0 ,0.0 ,974.0 ,817.0 ,14 ,18.13 
246,382.0 ,0.0 ,0.0 ,186.0 ,0.0 ,1047.0 ,739.0 ,28 ,37.42 
247,183.9 ,122.6 ,0.0 ,203.5 ,0.0 ,959.2 ,800.0 ,3 ,4.90 
248,326.5 ,0.0 ,137.9 ,199.0 ,10.8 ,801.1 ,792.5 ,28 ,38.63 
249,198.6 ,132.4 ,0.0 ,192.0 ,0.0 ,978.4 ,825.5 ,3 ,9.13 
250,362.6 ,189.0 ,0.0 ,164.9 ,11.6 ,944.7 ,755.8 ,7 ,55.90 
251,339.0 ,0.0 ,0.0 ,185.0 ,0.0 ,1069.0 ,754.0 ,28 ,31.84 
252,173.0 ,116.0 ,0.0 ,192.0 ,0.0 ,946.8 ,856.8 ,3 ,6.94 
253,500.1 ,0.0 ,0.0 ,200.0 ,3.0 ,1124.4 ,613.2 ,28 ,44.13 
254,212.5 ,0.0 ,100.4 ,159.3 ,8.7 ,1007.8 ,903.6 ,14 ,26.31 
255,145.0 ,0.0 ,134.0 ,181.0 ,11.0 ,979.0 ,812.0 ,28 ,13.20 
256,250.2 ,166.8 ,0.0 ,203.5 ,0.0 ,977.6 ,694.1 ,28 ,36.96 
257,251.8 ,0.0 ,99.9 ,146.1 ,12.4 ,1006.0 ,899.8 ,100 ,45.37 
258,439.0 ,177.0 ,0.0 ,186.0 ,11.1 ,884.9 ,707.9 ,7 ,56.10 
259,313.3 ,262.2 ,0.0 ,175.5 ,8.6 ,1046.9 ,611.8 ,7 ,42.80 
260,173.5 ,50.1 ,173.5 ,164.8 ,6.5 ,1006.2 ,793.5 ,56 ,53.77 
261,339.0 ,0.0 ,0.0 ,197.0 ,0.0 ,968.0 ,781.0 ,180 ,36.45 
262,393.0 ,0.0 ,0.0 ,192.0 ,0.0 ,940.6 ,785.6 ,3 ,19.20 
263,190.3 ,0.0 ,125.2 ,161.9 ,9.9 ,1088.1 ,802.6 ,56 ,38.56 
264,298.2 ,0.0 ,107.0 ,209.7 ,11.1 ,879.6 ,744.2 ,28 ,31.88 
265,500.0 ,0.0 ,0.0 ,200.0 ,0.0 ,1125.0 ,613.0 ,1 ,12.64 
266,309.9 ,142.8 ,111.2 ,167.8 ,22.1 ,913.9 ,651.2 ,28 ,38.22 
267,200.0 ,200.0 ,0.0 ,190.0 ,0.0 ,1145.0 ,660.0 ,28 ,49.25 
268,246.8 ,0.0 ,125.1 ,143.3 ,12.0 ,1086.8 ,800.9 ,100 ,66.42 
269,272.8 ,181.9 ,0.0 ,185.7 ,0.0 ,1012.4 ,714.3 ,7 ,19.77 
270,425.0 ,106.3 ,0.0 ,153.5 ,16.5 ,852.1 ,887.1 ,7 ,49.20 
271,531.3 ,0.0 ,0.0 ,141.8 ,28.2 ,852.1 ,893.7 ,91 ,59.20 
272,194.7 ,0.0 ,100.5 ,170.2 ,7.5 ,998.0 ,901.8 ,28 ,37.27 
273,140.0 ,133.0 ,103.0 ,200.0 ,7.0 ,916.0 ,753.0 ,28 ,36.44 
274,302.0 ,0.0 ,0.0 ,203.0 ,0.0 ,974.0 ,817.0 ,28 ,21.75 
275,300.0 ,0.0 ,120.0 ,212.0 ,10.0 ,878.0 ,728.0 ,28 ,23.84 
276,166.1 ,0.0 ,163.3 ,176.5 ,4.5 ,1058.6 ,780.1 ,14 ,25.48 
277,231.8 ,0.0 ,121.6 ,174.0 ,6.7 ,1056.4 ,778.5 ,28 ,33.73 
278,349.0 ,0.0 ,0.0 ,192.0 ,0.0 ,1047.0 ,806.0 ,7 ,18.13 
279,182.0 ,45.2 ,122.0 ,170.2 ,8.2 ,1059.4 ,780.7 ,56 ,43.50 
280,362.6 ,189.0 ,0.0 ,164.9 ,11.6 ,944.7 ,755.8 ,7 ,55.90 
281,475.0 ,118.8 ,0.0 ,181.1 ,8.9 ,852.1 ,781.5 ,28 ,68.30 
282,237.5 ,237.5 ,0.0 ,228.0 ,0.0 ,932.0 ,594.0 ,180 ,36.25 
283,157.0 ,236.0 ,0.0 ,192.0 ,0.0 ,935.4 ,781.2 ,90 ,43.38 
284,212.5 ,0.0 ,100.4 ,159.3 ,8.7 ,1007.8 ,903.6 ,56 ,42.55 
285,425.0 ,106.3 ,0.0 ,153.5 ,16.5 ,852.1 ,887.1 ,28 ,60.29 
286,225.0 ,0.0 ,0.0 ,181.0 ,0.0 ,1113.0 ,833.0 ,28 ,17.34 
287,321.0 ,164.0 ,0.0 ,190.0 ,5.0 ,870.0 ,774.0 ,28 ,57.21 
288,238.2 ,158.8 ,0.0 ,185.7 ,0.0 ,1040.6 ,734.3 ,7 ,15.69 
289,525.0 ,0.0 ,0.0 ,189.0 ,0.0 ,1125.0 ,613.0 ,28 ,55.94 
290,231.8 ,0.0 ,121.6 ,174.0 ,6.7 ,1056.4 ,778.5 ,100 ,45.84 
291,516.0 ,0.0 ,0.0 ,162.0 ,8.2 ,801.0 ,802.0 ,28 ,41.37 
292,424.0 ,22.0 ,132.0 ,178.0 ,8.5 ,822.0 ,750.0 ,7 ,39.00 
293,238.1 ,0.0 ,94.1 ,186.7 ,7.0 ,949.9 ,847.0 ,56 ,39.59 
294,139.6 ,209.4 ,0.0 ,192.0 ,0.0 ,1047.0 ,806.9 ,3 ,8.06 
295,116.0 ,173.0 ,0.0 ,192.0 ,0.0 ,909.8 ,891.9 ,7 ,10.09 
296,153.0 ,145.0 ,113.0 ,178.0 ,8.0 ,867.0 ,824.0 ,28 ,26.23 
297,212.1 ,0.0 ,121.6 ,180.3 ,5.7 ,1057.6 ,779.3 ,3 ,12.47 
298,331.0 ,0.0 ,0.0 ,192.0 ,0.0 ,978.0 ,825.0 ,360 ,41.24 
299,255.0 ,0.0 ,0.0 ,192.0 ,0.0 ,889.8 ,945.0 ,90 ,21.86 
300,531.3 ,0.0 ,0.0 ,141.8 ,28.2 ,852.1 ,893.7 ,28 ,56.40 
301,318.8 ,212.5 ,0.0 ,155.7 ,14.3 ,852.1 ,880.4 ,91 ,68.10 
302,236.0 ,0.0 ,0.0 ,193.0 ,0.0 ,968.0 ,885.0 ,7 ,9.99 
303,401.8 ,94.7 ,0.0 ,147.4 ,11.4 ,946.8 ,852.1 ,91 ,75.50 
304,168.0 ,42.1 ,163.8 ,121.8 ,5.7 ,1058.7 ,780.1 ,100 ,39.23 
305,144.0 ,170.0 ,133.0 ,192.0 ,8.0 ,814.0 ,805.0 ,28 ,29.87 
306,286.3 ,200.9 ,0.0 ,144.7 ,11.2 ,1004.6 ,803.7 ,91 ,76.80 
307,331.0 ,0.0 ,0.0 ,192.0 ,0.0 ,1025.0 ,821.0 ,90 ,37.91 
308,380.0 ,95.0 ,0.0 ,228.0 ,0.0 ,932.0 ,594.0 ,180 ,40.76 
309,154.8 ,183.4 ,0.0 ,193.3 ,9.1 ,877.2 ,867.7 ,28 ,23.79 
310,173.0 ,116.0 ,0.0 ,192.0 ,0.0 ,946.8 ,856.8 ,90 ,32.10 
311,275.0 ,0.0 ,0.0 ,183.0 ,0.0 ,1088.0 ,808.0 ,28 ,24.50 
312,322.5 ,148.6 ,0.0 ,185.8 ,8.5 ,951.0 ,709.5 ,28 ,52.43 
313,173.8 ,93.4 ,159.9 ,172.3 ,9.7 ,1007.2 ,746.6 ,3 ,15.82 
314,362.6 ,189.0 ,0.0 ,164.9 ,11.6 ,944.7 ,755.8 ,3 ,35.30 
315,212.0 ,0.0 ,124.8 ,159.0 ,7.8 ,1085.4 ,799.5 ,28 ,38.50 
316,153.0 ,102.0 ,0.0 ,192.0 ,0.0 ,888.0 ,943.1 ,90 ,26.32 
317,333.0 ,17.5 ,163.0 ,167.0 ,17.9 ,996.0 ,652.0 ,28 ,47.28 
318,252.5 ,0.0 ,0.0 ,185.7 ,0.0 ,1111.6 ,784.3 ,28 ,19.77 
319,397.0 ,0.0 ,0.0 ,186.0 ,0.0 ,1040.0 ,734.0 ,28 ,36.94 
320,212.0 ,141.3 ,0.0 ,203.5 ,0.0 ,973.4 ,750.0 ,28 ,33.00 
321,375.0 ,93.8 ,0.0 ,126.6 ,23.4 ,852.1 ,992.6 ,28 ,56.70 
322,144.0 ,136.0 ,106.0 ,178.0 ,7.0 ,941.0 ,774.0 ,28 ,26.14 
323,332.5 ,142.5 ,0.0 ,228.0 ,0.0 ,932.0 ,594.0 ,28 ,33.02 
324,261.9 ,110.5 ,86.1 ,195.4 ,5.0 ,895.2 ,732.6 ,28 ,33.72 
325,310.0 ,0.0 ,0.0 ,192.0 ,0.0 ,1012.0 ,830.0 ,28 ,27.83 
326,167.4 ,129.9 ,128.6 ,175.5 ,7.8 ,1006.3 ,746.6 ,3 ,14.94 
327,246.8 ,0.0 ,125.1 ,143.3 ,12.0 ,1086.8 ,800.9 ,56 ,60.32 
328,316.1 ,210.7 ,0.0 ,185.7 ,0.0 ,977.0 ,689.3 ,7 ,24.44 
329,522.0 ,0.0 ,0.0 ,146.0 ,0.0 ,896.0 ,896.0 ,28 ,74.99 
330,213.8 ,98.1 ,24.5 ,181.7 ,6.7 ,1066.0 ,785.5 ,14 ,17.84 
331,237.5 ,237.5 ,0.0 ,228.0 ,0.0 ,932.0 ,594.0 ,270 ,38.41 
332,446.0 ,24.0 ,79.0 ,162.0 ,11.6 ,967.0 ,712.0 ,3 ,23.35 
333,331.0 ,0.0 ,0.0 ,192.0 ,0.0 ,1025.0 ,821.0 ,7 ,17.44 
334,374.0 ,189.2 ,0.0 ,170.1 ,10.1 ,926.1 ,756.7 ,3 ,34.40 
335,167.0 ,75.4 ,167.0 ,164.0 ,7.9 ,1007.3 ,770.1 ,3 ,15.52 
336,359.0 ,19.0 ,141.0 ,154.0 ,10.9 ,942.0 ,801.0 ,56 ,66.78 
337,149.0 ,153.0 ,194.0 ,192.0 ,8.0 ,935.0 ,623.0 ,28 ,24.58 
338,200.0 ,133.0 ,0.0 ,192.0 ,0.0 ,965.4 ,806.2 ,3 ,11.41 
339,520.0 ,0.0 ,0.0 ,175.0 ,5.2 ,870.0 ,805.0 ,28 ,51.02 
340,251.4 ,0.0 ,118.3 ,188.5 ,6.4 ,1028.4 ,757.7 ,28 ,32.66 
341,401.8 ,94.7 ,0.0 ,147.4 ,11.4 ,946.8 ,852.1 ,28 ,68.50 
342,168.9 ,42.2 ,124.3 ,158.3 ,10.8 ,1080.8 ,796.2 ,14 ,23.51 
343,255.0 ,0.0 ,0.0 ,192.0 ,0.0 ,889.8 ,945.0 ,28 ,18.75 
344,366.0 ,187.0 ,0.0 ,191.3 ,6.6 ,824.3 ,756.9 ,28 ,65.91 
345,288.0 ,192.0 ,0.0 ,192.0 ,0.0 ,932.0 ,717.8 ,7 ,23.52 
346,212.1 ,0.0 ,121.6 ,180.3 ,5.7 ,1057.6 ,779.3 ,100 ,39.61 
347,350.0 ,0.0 ,0.0 ,203.0 ,0.0 ,974.0 ,775.0 ,28 ,27.34 
348,337.9 ,189.0 ,0.0 ,174.9 ,9.5 ,944.7 ,755.8 ,7 ,35.10 
349,540.0 ,0.0 ,0.0 ,173.0 ,0.0 ,1125.0 ,613.0 ,7 ,52.61 
350,168.9 ,42.2 ,124.3 ,158.3 ,10.8 ,1080.8 ,796.2 ,28 ,31.12 
351,350.0 ,0.0 ,0.0 ,186.0 ,0.0 ,1050.0 ,770.0 ,7 ,20.28 
352,133.0 ,200.0 ,0.0 ,192.0 ,0.0 ,927.4 ,839.2 ,90 ,36.59 
353,331.0 ,0.0 ,0.0 ,192.0 ,0.0 ,1025.0 ,821.0 ,120 ,39.38 
354,162.0 ,190.0 ,148.0 ,179.0 ,19.0 ,838.0 ,741.0 ,28 ,33.76 
355,336.0 ,0.0 ,0.0 ,182.0 ,3.0 ,986.0 ,817.0 ,28 ,44.86 
356,313.3 ,262.2 ,0.0 ,175.5 ,8.6 ,1046.9 ,611.8 ,91 ,66.60 
357,202.0 ,11.0 ,141.0 ,206.0 ,1.7 ,942.0 ,801.0 ,7 ,15.07 
358,491.0 ,26.0 ,123.0 ,201.0 ,3.9 ,822.0 ,699.0 ,28 ,57.92 
359,425.0 ,106.3 ,0.0 ,153.5 ,16.5 ,852.1 ,887.1 ,91 ,65.20 
360,285.0 ,190.0 ,0.0 ,163.0 ,7.6 ,1031.0 ,685.0 ,28 ,53.58 
361,172.4 ,13.6 ,172.4 ,156.8 ,4.1 ,1006.3 ,856.4 ,28 ,33.69 
362,318.8 ,212.5 ,0.0 ,155.7 ,14.3 ,852.1 ,880.4 ,3 ,25.20 
363,152.0 ,178.0 ,139.0 ,168.0 ,18.0 ,944.0 ,695.0 ,28 ,36.35 
364,230.0 ,0.0 ,118.3 ,195.5 ,4.6 ,1029.4 ,758.6 ,14 ,20.08 
365,190.3 ,0.0 ,125.2 ,166.6 ,9.9 ,1079.0 ,798.9 ,3 ,12.55 
366,277.0 ,0.0 ,0.0 ,191.0 ,0.0 ,968.0 ,856.0 ,28 ,25.97 
367,238.2 ,158.8 ,0.0 ,185.7 ,0.0 ,1040.6 ,734.3 ,28 ,26.91 
368,349.0 ,0.0 ,0.0 ,192.0 ,0.0 ,1047.0 ,806.9 ,3 ,15.05 
369,181.9 ,272.8 ,0.0 ,185.7 ,0.0 ,1012.4 ,714.3 ,7 ,12.37 
370,540.0 ,0.0 ,0.0 ,173.0 ,0.0 ,1125.0 ,613.0 ,90 ,69.66 
371,154.8 ,183.4 ,0.0 ,193.3 ,9.1 ,1047.4 ,696.7 ,28 ,18.29 
372,286.3 ,200.9 ,0.0 ,144.7 ,11.2 ,1004.6 ,803.7 ,28 ,67.70 
373,166.1 ,0.0 ,163.3 ,176.5 ,4.5 ,1058.6 ,780.1 ,100 ,33.54 
374,160.2 ,188.0 ,146.4 ,203.2 ,11.3 ,828.7 ,709.7 ,28 ,35.31 
375,193.5 ,290.2 ,0.0 ,185.7 ,0.0 ,998.2 ,704.3 ,7 ,17.20 
376,250.0 ,0.0 ,95.7 ,187.4 ,5.5 ,956.9 ,861.2 ,56 ,38.33 
377,500.0 ,0.0 ,0.0 ,151.0 ,9.0 ,1033.0 ,655.0 ,28 ,69.84 
378,249.1 ,0.0 ,98.8 ,158.1 ,12.8 ,987.8 ,889.0 ,14 ,28.68 
379,439.0 ,177.0 ,0.0 ,186.0 ,11.1 ,884.9 ,707.9 ,3 ,39.30 
380,249.1 ,0.0 ,98.8 ,158.1 ,12.8 ,987.8 ,889.0 ,3 ,15.36 
381,475.0 ,0.0 ,0.0 ,228.0 ,0.0 ,932.0 ,594.0 ,7 ,38.60 
382,387.0 ,20.0 ,94.0 ,157.0 ,11.6 ,938.0 ,845.0 ,28 ,46.68 
383,362.6 ,189.0 ,0.0 ,164.9 ,11.6 ,944.7 ,755.8 ,3 ,35.30 
384,333.0 ,0.0 ,0.0 ,192.0 ,0.0 ,931.2 ,842.6 ,28 ,31.97 
385,154.8 ,0.0 ,142.8 ,193.3 ,9.1 ,877.2 ,867.7 ,28 ,9.74 
386,288.4 ,121.0 ,0.0 ,177.4 ,7.0 ,907.9 ,829.5 ,28 ,42.14 
387,252.3 ,0.0 ,98.8 ,146.3 ,14.2 ,987.8 ,889.0 ,56 ,55.83 
388,295.7 ,0.0 ,95.6 ,171.5 ,8.9 ,955.1 ,859.2 ,14 ,35.23 
389,266.0 ,112.0 ,87.0 ,178.0 ,10.0 ,910.0 ,745.0 ,28 ,39.42 
390,333.0 ,0.0 ,0.0 ,192.0 ,0.0 ,931.2 ,842.6 ,90 ,41.68 
391,325.0 ,0.0 ,0.0 ,184.0 ,0.0 ,1063.0 ,783.0 ,28 ,30.57 
392,178.0 ,129.8 ,118.6 ,179.9 ,3.6 ,1007.3 ,746.8 ,3 ,20.73 
393,350.0 ,0.0 ,0.0 ,203.0 ,0.0 ,974.0 ,775.0 ,180 ,32.72 
394,252.0 ,0.0 ,0.0 ,185.0 ,0.0 ,1111.0 ,784.0 ,28 ,19.69 
395,359.0 ,19.0 ,141.0 ,154.0 ,10.9 ,942.0 ,801.0 ,7 ,35.75 
396,165.0 ,128.5 ,132.1 ,175.1 ,8.1 ,1005.8 ,746.6 ,100 ,55.02 
397,387.0 ,20.0 ,94.0 ,157.0 ,13.9 ,938.0 ,845.0 ,7 ,45.90 
398,287.3 ,120.5 ,93.9 ,187.6 ,9.2 ,904.4 ,695.9 ,28 ,43.80 
399,380.0 ,0.0 ,0.0 ,228.0 ,0.0 ,932.0 ,670.0 ,270 ,53.30 
400,284.0 ,120.0 ,0.0 ,168.0 ,7.0 ,970.0 ,794.0 ,28 ,40.93 
401,173.5 ,50.1 ,173.5 ,164.8 ,6.5 ,1006.2 ,793.5 ,28 ,38.20 
402,424.0 ,22.0 ,132.0 ,178.0 ,8.5 ,822.0 ,750.0 ,56 ,65.70 
403,312.7 ,0.0 ,0.0 ,178.1 ,8.0 ,999.7 ,822.2 ,28 ,25.10 
404,380.0 ,0.0 ,0.0 ,228.0 ,0.0 ,932.0 ,670.0 ,90 ,52.91 
405,525.0 ,0.0 ,0.0 ,189.0 ,0.0 ,1125.0 ,613.0 ,3 ,33.80 
406,266.2 ,112.3 ,87.5 ,177.9 ,10.4 ,909.7 ,744.5 ,28 ,39.42 
407,385.0 ,0.0 ,0.0 ,186.0 ,0.0 ,966.0 ,763.0 ,14 ,27.92 
408,366.0 ,187.0 ,0.0 ,191.0 ,7.0 ,824.0 ,757.0 ,28 ,65.91 
409,382.0 ,0.0 ,0.0 ,185.0 ,0.0 ,1047.0 ,739.0 ,7 ,24.00 
410,295.8 ,0.0 ,0.0 ,185.7 ,0.0 ,1091.4 ,769.3 ,28 ,25.22 
411,277.2 ,97.8 ,24.5 ,160.7 ,11.2 ,1061.7 ,782.5 ,3 ,30.45 
412,229.7 ,0.0 ,118.2 ,195.2 ,6.1 ,1028.1 ,757.6 ,56 ,31.35 
413,297.2 ,0.0 ,117.5 ,174.8 ,9.5 ,1022.8 ,753.5 ,28 ,47.40 
414,475.0 ,0.0 ,0.0 ,228.0 ,0.0 ,932.0 ,594.0 ,365 ,41.93 
415,332.5 ,142.5 ,0.0 ,228.0 ,0.0 ,932.0 ,594.0 ,270 ,40.27 
416,230.0 ,0.0 ,118.3 ,195.5 ,4.6 ,1029.4 ,758.6 ,3 ,10.03 
417,425.0 ,106.3 ,0.0 ,153.5 ,16.5 ,852.1 ,887.1 ,91 ,65.20 
418,230.0 ,0.0 ,118.3 ,195.5 ,4.6 ,1029.4 ,758.6 ,56 ,31.54 
419,167.0 ,187.0 ,195.0 ,185.0 ,7.0 ,898.0 ,636.0 ,28 ,23.89 
420,168.0 ,42.1 ,163.8 ,121.8 ,5.7 ,1058.7 ,780.1 ,14 ,17.82 
421,159.0 ,209.0 ,161.0 ,201.0 ,7.0 ,848.0 ,669.0 ,28 ,30.88 
422,480.0 ,0.0 ,0.0 ,192.0 ,0.0 ,936.2 ,712.2 ,28 ,43.94 
423,475.0 ,0.0 ,0.0 ,228.0 ,0.0 ,932.0 ,594.0 ,90 ,42.23 
424,250.0 ,180.0 ,95.0 ,159.0 ,9.5 ,860.0 ,800.0 ,28 ,67.87 
425,374.0 ,189.2 ,0.0 ,170.1 ,10.1 ,926.1 ,756.7 ,28 ,61.09 
426,212.0 ,0.0 ,124.8 ,159.0 ,7.8 ,1085.4 ,799.5 ,56 ,45.08 
427,314.0 ,145.0 ,113.0 ,179.0 ,8.0 ,869.0 ,690.0 ,28 ,46.23 
428,325.0 ,0.0 ,0.0 ,184.0 ,0.0 ,1063.0 ,783.0 ,7 ,17.54 
429,475.0 ,0.0 ,59.0 ,142.0 ,1.9 ,1098.0 ,641.0 ,28 ,57.23 
430,213.7 ,98.1 ,24.5 ,181.7 ,6.9 ,1065.8 ,785.4 ,56 ,50.77 
431,173.5 ,50.1 ,173.5 ,164.8 ,6.5 ,1006.2 ,793.5 ,100 ,56.06 
432,214.9 ,53.8 ,121.9 ,155.6 ,9.6 ,1014.3 ,780.6 ,3 ,18.02 
433,342.0 ,38.0 ,0.0 ,228.0 ,0.0 ,932.0 ,670.0 ,180 ,52.12 
434,165.0 ,128.5 ,132.1 ,175.1 ,8.1 ,1005.8 ,746.6 ,56 ,53.72 
435,401.8 ,94.7 ,0.0 ,147.4 ,11.4 ,946.8 ,852.1 ,56 ,73.70 
436,310.0 ,143.0 ,0.0 ,168.0 ,10.0 ,914.0 ,804.0 ,28 ,45.30 
437,158.0 ,0.0 ,195.0 ,220.0 ,11.0 ,898.0 ,713.0 ,28 ,8.54 
438,181.4 ,0.0 ,167.0 ,169.6 ,7.6 ,1055.6 ,777.8 ,100 ,45.37 
439,475.0 ,0.0 ,0.0 ,228.0 ,0.0 ,932.0 ,594.0 ,270 ,42.13 
440,153.0 ,145.0 ,113.0 ,178.0 ,8.0 ,1002.0 ,689.0 ,28 ,25.56 
441,251.4 ,0.0 ,118.3 ,188.5 ,5.8 ,1028.4 ,757.7 ,56 ,36.97 
442,425.0 ,106.3 ,0.0 ,153.5 ,16.5 ,852.1 ,887.1 ,28 ,60.29 
443,181.4 ,0.0 ,167.0 ,169.6 ,7.6 ,1055.6 ,777.8 ,56 ,35.57 
444,277.0 ,0.0 ,0.0 ,191.0 ,0.0 ,968.0 ,856.0 ,14 ,21.26 
445,397.0 ,0.0 ,0.0 ,185.0 ,0.0 ,1040.0 ,734.0 ,28 ,39.09 
446,475.0 ,0.0 ,0.0 ,228.0 ,0.0 ,932.0 ,594.0 ,28 ,39.29 
447,140.0 ,164.0 ,128.0 ,237.0 ,6.0 ,869.0 ,656.0 ,28 ,35.23 
448,272.6 ,0.0 ,89.6 ,198.7 ,10.6 ,931.3 ,762.2 ,28 ,32.25 
449,318.8 ,212.5 ,0.0 ,155.7 ,14.3 ,852.1 ,880.4 ,7 ,33.40 
450,239.6 ,359.4 ,0.0 ,185.7 ,0.0 ,941.6 ,664.3 ,7 ,25.42 
451,134.7 ,0.0 ,165.7 ,180.2 ,10.0 ,961.0 ,804.9 ,28 ,13.29 
452,331.0 ,0.0 ,0.0 ,192.0 ,0.0 ,978.0 ,825.0 ,7 ,16.26 
453,337.9 ,189.0 ,0.0 ,174.9 ,9.5 ,944.7 ,755.8 ,3 ,24.10 
454,349.0 ,0.0 ,0.0 ,192.0 ,0.0 ,1047.0 ,806.0 ,28 ,32.72 
455,525.0 ,0.0 ,0.0 ,189.0 ,0.0 ,1125.0 ,613.0 ,7 ,42.42 
456,275.0 ,180.0 ,120.0 ,162.0 ,10.4 ,830.0 ,765.0 ,28 ,76.24 
457,158.8 ,238.2 ,0.0 ,185.7 ,0.0 ,1040.6 ,734.3 ,7 ,9.62 
458,376.0 ,0.0 ,0.0 ,214.6 ,0.0 ,1003.5 ,762.4 ,100 ,43.06 
459,160.0 ,250.0 ,0.0 ,168.0 ,12.0 ,1049.0 ,688.0 ,28 ,39.45 
460,178.0 ,129.8 ,118.6 ,179.9 ,3.6 ,1007.3 ,746.8 ,56 ,48.59 
461,313.3 ,262.2 ,0.0 ,175.5 ,8.6 ,1046.9 ,611.8 ,28 ,59.80 
462,425.0 ,106.3 ,0.0 ,153.5 ,16.5 ,852.1 ,887.1 ,3 ,33.40 
463,277.0 ,0.0 ,0.0 ,191.0 ,0.0 ,968.0 ,856.0 ,3 ,11.36 
464,305.3 ,203.5 ,0.0 ,203.5 ,0.0 ,965.4 ,631.0 ,90 ,54.60 
465,158.8 ,238.2 ,0.0 ,185.7 ,0.0 ,1040.6 ,734.3 ,28 ,21.07 
466,313.0 ,0.0 ,0.0 ,178.0 ,8.0 ,1000.0 ,822.0 ,28 ,25.10 
467,350.0 ,0.0 ,0.0 ,203.0 ,0.0 ,974.0 ,775.0 ,14 ,22.53 
468,251.4 ,0.0 ,118.3 ,192.9 ,5.8 ,1043.6 ,754.3 ,3 ,11.98 
469,166.0 ,259.7 ,0.0 ,183.2 ,12.7 ,858.8 ,826.8 ,28 ,37.92 
470,397.0 ,0.0 ,0.0 ,185.7 ,0.0 ,1040.6 ,734.3 ,7 ,25.45 
471,500.0 ,0.0 ,0.0 ,200.0 ,0.0 ,1125.0 ,613.0 ,14 ,36.94 
472,251.4 ,0.0 ,118.3 ,188.5 ,6.4 ,1028.4 ,757.7 ,56 ,36.64 
473,425.0 ,106.3 ,0.0 ,153.5 ,16.5 ,852.1 ,887.1 ,56 ,64.30 
474,376.0 ,0.0 ,0.0 ,214.6 ,0.0 ,1003.5 ,762.4 ,56 ,36.30 
475,298.0 ,0.0 ,107.0 ,210.0 ,11.0 ,880.0 ,744.0 ,28 ,31.87 
476,141.3 ,212.0 ,0.0 ,203.5 ,0.0 ,971.8 ,748.5 ,90 ,39.66 
477,469.0 ,117.2 ,0.0 ,137.8 ,32.2 ,852.1 ,840.5 ,7 ,54.90 
478,362.6 ,189.0 ,0.0 ,164.9 ,11.6 ,944.7 ,755.8 ,91 ,79.30 
479,168.0 ,42.1 ,163.8 ,121.8 ,5.7 ,1058.7 ,780.1 ,3 ,7.75 
480,251.4 ,0.0 ,118.3 ,192.9 ,5.8 ,1043.6 ,754.3 ,100 ,40.15 
481,116.0 ,173.0 ,0.0 ,192.0 ,0.0 ,909.8 ,891.9 ,90 ,31.02 
482,362.6 ,189.0 ,0.0 ,164.9 ,11.6 ,944.7 ,755.8 ,28 ,71.30 
483,480.0 ,0.0 ,0.0 ,192.0 ,0.0 ,936.0 ,721.0 ,90 ,54.28 
484,184.0 ,86.0 ,190.0 ,213.0 ,6.0 ,923.0 ,623.0 ,28 ,22.93 
485,102.0 ,153.0 ,0.0 ,192.0 ,0.0 ,887.0 ,942.0 ,28 ,17.28 
486,275.1 ,0.0 ,121.4 ,159.5 ,9.9 ,1053.6 ,777.5 ,56 ,56.85 
487,212.5 ,0.0 ,100.4 ,159.3 ,8.7 ,1007.8 ,903.6 ,28 ,31.64 
488,212.0 ,0.0 ,124.8 ,159.0 ,7.8 ,1085.4 ,799.5 ,14 ,31.35 
489,540.0 ,0.0 ,0.0 ,173.0 ,0.0 ,1125.0 ,613.0 ,180 ,71.62 
490,400.0 ,0.0 ,0.0 ,187.0 ,0.0 ,1025.0 ,745.0 ,7 ,30.14 
491,355.0 ,19.0 ,97.0 ,145.0 ,13.1 ,967.0 ,871.0 ,28 ,44.03 
492,132.0 ,206.5 ,160.9 ,178.9 ,5.5 ,866.9 ,735.6 ,28 ,33.31 
493,385.0 ,0.0 ,136.0 ,158.0 ,20.0 ,903.0 ,768.0 ,28 ,55.55 
494,250.0 ,0.0 ,95.7 ,191.8 ,5.3 ,948.9 ,857.2 ,14 ,24.66 
495,153.0 ,239.0 ,0.0 ,200.0 ,6.0 ,1002.0 ,684.0 ,28 ,26.86 
496,213.5 ,0.0 ,174.2 ,154.6 ,11.7 ,1052.3 ,775.5 ,3 ,17.37 
497,289.0 ,133.7 ,0.0 ,194.9 ,5.5 ,924.1 ,760.1 ,28 ,46.25 
498,234.0 ,156.0 ,0.0 ,189.0 ,5.9 ,981.0 ,760.0 ,28 ,39.30 
499,275.1 ,0.0 ,121.4 ,159.5 ,9.9 ,1053.6 ,777.5 ,14 ,38.77 
500,342.0 ,38.0 ,0.0 ,228.0 ,0.0 ,932.0 ,670.0 ,270 ,55.06 
501,379.5 ,151.2 ,0.0 ,153.9 ,15.9 ,1134.3 ,605.0 ,7 ,47.10 
502,281.0 ,0.0 ,0.0 ,186.0 ,0.0 ,1104.0 ,774.0 ,28 ,22.44 
503,252.0 ,0.0 ,0.0 ,185.0 ,0.0 ,1111.0 ,784.0 ,7 ,13.71 
504,305.3 ,203.5 ,0.0 ,203.5 ,0.0 ,965.4 ,631.0 ,28 ,43.38 
505,157.0 ,214.0 ,152.0 ,200.0 ,9.0 ,819.0 ,704.0 ,28 ,33.05 
506,427.5 ,47.5 ,0.0 ,228.0 ,0.0 ,932.0 ,594.0 ,90 ,41.54 
507,236.9 ,91.7 ,71.5 ,246.9 ,6.0 ,852.9 ,695.4 ,28 ,28.63 
508,251.8 ,0.0 ,99.9 ,146.1 ,12.4 ,1006.0 ,899.8 ,3 ,21.02 
509,339.0 ,0.0 ,0.0 ,197.0 ,0.0 ,968.0 ,781.0 ,28 ,32.04 
510,424.0 ,22.0 ,132.0 ,168.0 ,8.9 ,822.0 ,750.0 ,7 ,40.29 
511,166.8 ,250.2 ,0.0 ,203.5 ,0.0 ,975.6 ,692.6 ,90 ,43.57 
512,350.0 ,0.0 ,0.0 ,203.0 ,0.0 ,974.0 ,775.0 ,7 ,18.13 
513,388.6 ,97.1 ,0.0 ,157.9 ,12.1 ,852.1 ,925.7 ,28 ,50.70 
514,446.0 ,24.0 ,79.0 ,162.0 ,10.3 ,967.0 ,712.0 ,56 ,54.77 
515,266.0 ,114.0 ,0.0 ,228.0 ,0.0 ,932.0 ,670.0 ,90 ,47.03 
516,152.7 ,144.7 ,0.0 ,178.1 ,8.0 ,999.7 ,822.2 ,28 ,19.01 
517,139.6 ,209.4 ,0.0 ,192.0 ,0.0 ,1047.0 ,806.9 ,360 ,44.70 
518,200.0 ,0.0 ,0.0 ,180.0 ,0.0 ,1125.0 ,845.0 ,28 ,12.25 
519,491.0 ,26.0 ,123.0 ,210.0 ,3.9 ,882.0 ,699.0 ,3 ,25.61 
520,162.0 ,190.1 ,148.1 ,178.8 ,18.8 ,838.1 ,741.4 ,28 ,33.76 
521,213.5 ,0.0 ,174.2 ,159.2 ,11.7 ,1043.6 ,771.9 ,56 ,51.26 
522,295.0 ,0.0 ,0.0 ,185.0 ,0.0 ,1069.0 ,769.0 ,7 ,14.80 
523,425.0 ,106.3 ,0.0 ,153.5 ,16.5 ,852.1 ,887.1 ,7 ,49.20 
524,349.0 ,0.0 ,0.0 ,192.0 ,0.0 ,1047.0 ,806.0 ,360 ,42.13 
525,157.0 ,236.0 ,0.0 ,192.0 ,0.0 ,935.4 ,781.2 ,3 ,9.69 
526,307.0 ,0.0 ,0.0 ,193.0 ,0.0 ,968.0 ,812.0 ,3 ,12.54 
527,446.0 ,24.0 ,79.0 ,162.0 ,11.6 ,967.0 ,712.0 ,28 ,51.02 
528,139.6 ,209.4 ,0.0 ,192.0 ,0.0 ,1047.0 ,806.9 ,90 ,39.36 
529,228.0 ,342.1 ,0.0 ,185.7 ,0.0 ,955.8 ,674.3 ,28 ,39.70 
530,230.0 ,0.0 ,118.3 ,195.5 ,4.6 ,1029.4 ,758.6 ,100 ,35.34 
531,186.2 ,124.1 ,0.0 ,185.7 ,0.0 ,1083.4 ,764.3 ,7 ,8.00 
532,143.7 ,170.2 ,132.6 ,191.6 ,8.5 ,814.1 ,805.3 ,28 ,29.87 
533,212.6 ,0.0 ,100.4 ,159.4 ,10.4 ,1003.8 ,903.8 ,56 ,44.40 
534,116.0 ,173.0 ,0.0 ,192.0 ,0.0 ,909.8 ,891.9 ,28 ,22.35 
535,425.0 ,106.3 ,0.0 ,153.5 ,16.5 ,852.1 ,887.1 ,56 ,64.30 
536,446.0 ,24.0 ,79.0 ,162.0 ,11.6 ,967.0 ,712.0 ,28 ,57.03 
537,424.0 ,22.0 ,132.0 ,178.0 ,8.5 ,822.0 ,750.0 ,28 ,62.05 
538,332.5 ,142.5 ,0.0 ,228.0 ,0.0 ,932.0 ,594.0 ,90 ,37.72 
539,290.4 ,0.0 ,96.2 ,168.1 ,9.4 ,961.2 ,865.0 ,100 ,48.97 
540,141.3 ,212.0 ,0.0 ,203.5 ,0.0 ,971.8 ,748.5 ,7 ,10.39 
541,186.2 ,124.1 ,0.0 ,185.7 ,0.0 ,1083.4 ,764.3 ,28 ,17.60 
542,251.8 ,0.0 ,99.9 ,146.1 ,12.4 ,1006.0 ,899.8 ,14 ,33.36 
543,139.6 ,209.4 ,0.0 ,192.0 ,0.0 ,1047.0 ,806.9 ,7 ,14.59 
544,190.3 ,0.0 ,125.2 ,161.9 ,9.9 ,1088.1 ,802.6 ,3 ,9.45 
545,286.3 ,200.9 ,0.0 ,144.7 ,11.2 ,1004.6 ,803.7 ,7 ,38.00 
546,525.0 ,0.0 ,0.0 ,189.0 ,0.0 ,1125.0 ,613.0 ,14 ,48.40 
547,200.0 ,0.0 ,0.0 ,180.0 ,0.0 ,1125.0 ,845.0 ,7 ,7.84 
548,218.2 ,54.6 ,123.8 ,140.8 ,11.9 ,1075.7 ,792.7 ,100 ,63.53 
549,237.0 ,92.0 ,71.0 ,247.0 ,6.0 ,853.0 ,695.0 ,28 ,28.63 
550,155.0 ,183.0 ,0.0 ,193.0 ,9.0 ,877.0 ,868.0 ,28 ,23.79 
551,252.3 ,0.0 ,98.8 ,146.3 ,14.2 ,987.8 ,889.0 ,100 ,60.95 
552,355.9 ,0.0 ,141.6 ,193.3 ,11.0 ,801.4 ,778.4 ,28 ,40.87 
553,500.0 ,0.0 ,0.0 ,200.0 ,0.0 ,1125.0 ,613.0 ,28 ,44.09 
554,252.5 ,0.0 ,0.0 ,185.7 ,0.0 ,1111.6 ,784.3 ,7 ,11.48 
555,266.0 ,114.0 ,0.0 ,228.0 ,0.0 ,932.0 ,670.0 ,365 ,52.91 
556,284.0 ,15.0 ,141.0 ,179.0 ,5.5 ,842.0 ,801.0 ,7 ,24.13 
557,290.4 ,0.0 ,96.2 ,168.1 ,9.4 ,961.2 ,865.0 ,56 ,45.08 
558,446.0 ,24.0 ,79.0 ,162.0 ,11.6 ,967.0 ,712.0 ,56 ,61.07 
559,480.0 ,0.0 ,0.0 ,192.0 ,0.0 ,936.0 ,721.0 ,3 ,24.39 
560,203.5 ,135.7 ,0.0 ,185.7 ,0.0 ,1076.2 ,759.3 ,28 ,22.63 
561,141.3 ,212.0 ,0.0 ,203.5 ,0.0 ,971.8 ,748.5 ,28 ,29.89 
562,233.8 ,0.0 ,94.6 ,197.9 ,4.6 ,947.0 ,852.2 ,100 ,34.56 
563,262.0 ,111.0 ,86.0 ,195.0 ,5.0 ,895.0 ,733.0 ,28 ,33.72 
564,212.5 ,0.0 ,100.4 ,159.3 ,8.7 ,1007.8 ,903.6 ,3 ,13.54 
565,424.0 ,22.0 ,132.0 ,168.0 ,8.9 ,822.0 ,750.0 ,56 ,74.36 
566,145.0 ,0.0 ,179.0 ,202.0 ,8.0 ,824.0 ,869.0 ,28 ,10.54 
567,332.5 ,142.5 ,0.0 ,228.0 ,0.0 ,932.0 ,594.0 ,365 ,41.05 
568,229.7 ,0.0 ,118.2 ,195.2 ,6.1 ,1028.1 ,757.6 ,28 ,24.54 
569,166.0 ,260.0 ,0.0 ,183.0 ,13.0 ,859.0 ,827.0 ,28 ,37.91 
570,359.0 ,19.0 ,141.0 ,154.0 ,10.9 ,942.0 ,801.0 ,3 ,25.12 
571,485.0 ,0.0 ,0.0 ,146.0 ,0.0 ,1120.0 ,800.0 ,28 ,71.99 
572,213.8 ,98.1 ,24.5 ,181.7 ,6.7 ,1066.0 ,785.5 ,3 ,13.18 
573,162.0 ,207.0 ,172.0 ,216.0 ,10.0 ,822.0 ,638.0 ,28 ,39.84 
574,322.2 ,0.0 ,115.6 ,196.0 ,10.4 ,817.9 ,813.4 ,28 ,31.18 
575,382.5 ,0.0 ,0.0 ,185.7 ,0.0 ,1047.8 ,739.3 ,7 ,24.07 
576,165.0 ,0.0 ,143.6 ,163.8 ,0.0 ,1005.6 ,900.9 ,28 ,26.20 
577,203.5 ,305.3 ,0.0 ,203.5 ,0.0 ,963.4 ,630.0 ,7 ,19.54 
578,151.8 ,178.1 ,138.7 ,167.5 ,18.3 ,944.0 ,694.6 ,28 ,36.35 
579,393.0 ,0.0 ,0.0 ,192.0 ,0.0 ,940.6 ,785.6 ,90 ,48.85 
580,302.0 ,0.0 ,0.0 ,203.0 ,0.0 ,974.0 ,817.0 ,180 ,26.74 
581,192.0 ,288.0 ,0.0 ,192.0 ,0.0 ,929.8 ,716.1 ,7 ,21.48 
582,251.4 ,0.0 ,118.3 ,188.5 ,5.8 ,1028.4 ,757.7 ,3 ,17.22 
583,349.0 ,0.0 ,0.0 ,192.0 ,0.0 ,1056.0 ,809.0 ,120 ,40.86 
584,159.8 ,250.0 ,0.0 ,168.4 ,12.2 ,1049.3 ,688.2 ,28 ,39.46 
585,310.0 ,0.0 ,0.0 ,192.0 ,0.0 ,970.0 ,850.0 ,7 ,14.99 
586,251.4 ,0.0 ,118.3 ,188.5 ,5.8 ,1028.4 ,757.7 ,14 ,29.93 
587,122.6 ,183.9 ,0.0 ,203.5 ,0.0 ,958.2 ,800.1 ,90 ,33.19 
588,289.0 ,134.0 ,0.0 ,195.0 ,6.0 ,924.0 ,760.0 ,28 ,46.24 
589,500.0 ,0.0 ,0.0 ,200.0 ,0.0 ,1125.0 ,613.0 ,3 ,26.06 
590,331.0 ,0.0 ,0.0 ,192.0 ,0.0 ,978.0 ,825.0 ,90 ,37.23 
591,213.8 ,98.1 ,24.5 ,181.7 ,6.7 ,1066.0 ,785.5 ,28 ,40.23 
592,337.9 ,189.0 ,0.0 ,174.9 ,9.5 ,944.7 ,755.8 ,56 ,59.89 
593,380.0 ,95.0 ,0.0 ,228.0 ,0.0 ,932.0 ,594.0 ,28 ,36.45 
594,540.0 ,0.0 ,0.0 ,173.0 ,0.0 ,1125.0 ,613.0 ,270 ,74.17 
595,251.8 ,0.0 ,99.9 ,146.1 ,12.4 ,1006.0 ,899.8 ,56 ,44.14 
596,233.8 ,0.0 ,94.6 ,197.9 ,4.6 ,947.0 ,852.2 ,28 ,22.84 
597,349.0 ,0.0 ,0.0 ,192.0 ,0.0 ,1047.0 ,806.0 ,90 ,39.49 
598,277.1 ,0.0 ,97.4 ,160.6 ,11.8 ,973.9 ,875.6 ,14 ,41.89 
599,158.6 ,148.9 ,116.0 ,175.1 ,15.0 ,953.3 ,719.7 ,28 ,27.68 
600,265.0 ,111.0 ,86.0 ,195.0 ,6.0 ,833.0 ,790.0 ,28 ,41.54 
601,307.0 ,0.0 ,0.0 ,193.0 ,0.0 ,968.0 ,812.0 ,90 ,32.92 
602,173.0 ,116.0 ,0.0 ,192.0 ,0.0 ,946.8 ,856.8 ,7 ,11.39 
603,397.0 ,17.2 ,158.0 ,167.0 ,20.8 ,967.0 ,633.0 ,28 ,55.65 
604,194.7 ,0.0 ,100.5 ,170.2 ,7.5 ,998.0 ,901.8 ,14 ,24.28 
605,427.5 ,47.5 ,0.0 ,228.0 ,0.0 ,932.0 ,594.0 ,28 ,37.43 
606,213.7 ,0.0 ,174.7 ,154.8 ,10.2 ,1053.5 ,776.4 ,3 ,17.57 
607,261.0 ,100.0 ,78.0 ,201.0 ,9.0 ,864.0 ,761.0 ,28 ,32.40 
608,246.8 ,0.0 ,125.1 ,143.3 ,12.0 ,1086.8 ,800.9 ,3 ,23.52 
609,147.8 ,175.1 ,0.0 ,171.2 ,2.2 ,1000.0 ,828.5 ,28 ,26.92 
610,238.0 ,0.0 ,0.0 ,185.0 ,0.0 ,1118.0 ,789.0 ,28 ,17.54 
611,322.0 ,149.0 ,0.0 ,186.0 ,8.0 ,951.0 ,709.0 ,28 ,52.42 
612,307.0 ,0.0 ,0.0 ,193.0 ,0.0 ,968.0 ,812.0 ,28 ,27.53 
613,133.0 ,210.0 ,0.0 ,196.0 ,3.0 ,949.0 ,795.0 ,28 ,31.03 
614,339.2 ,0.0 ,0.0 ,185.7 ,0.0 ,1069.2 ,754.3 ,28 ,31.90 
615,250.2 ,166.8 ,0.0 ,203.5 ,0.0 ,977.6 ,694.1 ,3 ,9.73 
616,375.0 ,93.8 ,0.0 ,126.6 ,23.4 ,852.1 ,992.6 ,3 ,29.00 
617,166.8 ,250.2 ,0.0 ,203.5 ,0.0 ,975.6 ,692.6 ,28 ,33.95 
618,401.8 ,94.7 ,0.0 ,147.4 ,11.4 ,946.8 ,852.1 ,7 ,54.10 
619,425.0 ,106.3 ,0.0 ,153.5 ,16.5 ,852.1 ,887.1 ,28 ,60.29 
620,202.0 ,11.0 ,141.0 ,206.0 ,1.7 ,942.0 ,801.0 ,56 ,23.25 
621,359.0 ,19.0 ,141.0 ,154.0 ,10.9 ,942.0 ,801.0 ,56 ,68.75 
622,296.0 ,0.0 ,0.0 ,186.0 ,0.0 ,1090.0 ,769.0 ,7 ,18.91 
623,491.0 ,26.0 ,123.0 ,201.0 ,3.9 ,822.0 ,699.0 ,3 ,29.55 
624,330.5 ,169.6 ,0.0 ,194.9 ,8.1 ,811.0 ,802.3 ,28 ,56.62 
625,300.0 ,0.0 ,0.0 ,184.0 ,0.0 ,1075.0 ,795.0 ,7 ,15.58 
626,145.7 ,172.6 ,0.0 ,181.9 ,3.4 ,985.8 ,816.8 ,28 ,23.74 
627,218.2 ,54.6 ,123.8 ,140.8 ,11.9 ,1075.7 ,792.7 ,28 ,55.51 
628,321.4 ,0.0 ,127.9 ,182.5 ,11.5 ,870.1 ,779.7 ,28 ,37.27 
629,213.5 ,0.0 ,174.2 ,154.6 ,11.7 ,1052.3 ,775.5 ,56 ,51.43 
630,251.4 ,0.0 ,118.3 ,192.9 ,5.8 ,1043.6 ,754.3 ,28 ,33.27 
631,133.1 ,210.2 ,0.0 ,195.7 ,3.1 ,949.4 ,795.3 ,28 ,28.94 
632,425.0 ,106.3 ,0.0 ,153.5 ,16.5 ,852.1 ,887.1 ,3 ,33.40 
633,141.3 ,212.0 ,0.0 ,203.5 ,0.0 ,971.8 ,748.5 ,3 ,4.83 
634,168.9 ,42.2 ,124.3 ,158.3 ,10.8 ,1080.8 ,796.2 ,56 ,39.15 
635,323.7 ,282.8 ,0.0 ,183.8 ,10.3 ,942.7 ,659.9 ,28 ,74.70 
636,236.0 ,0.0 ,0.0 ,194.0 ,0.0 ,968.0 ,885.0 ,90 ,21.95 
637,153.6 ,144.2 ,112.3 ,220.1 ,10.1 ,923.2 ,657.9 ,28 ,16.50 
638,251.8 ,0.0 ,99.9 ,146.1 ,12.4 ,1006.0 ,899.8 ,28 ,33.94 
639,387.0 ,20.0 ,94.0 ,157.0 ,13.9 ,938.0 ,845.0 ,28 ,46.68 
640,288.0 ,121.0 ,0.0 ,177.0 ,7.0 ,908.0 ,829.0 ,28 ,42.13 
641,297.2 ,0.0 ,117.5 ,174.8 ,9.5 ,1022.8 ,753.5 ,3 ,21.91 
642,374.3 ,0.0 ,0.0 ,190.2 ,6.7 ,1013.2 ,730.4 ,28 ,39.06 
643,203.5 ,135.7 ,0.0 ,185.7 ,0.0 ,1076.2 ,759.3 ,7 ,11.96 
644,299.8 ,0.0 ,119.8 ,211.5 ,9.9 ,878.2 ,727.6 ,28 ,23.84 
645,525.0 ,0.0 ,0.0 ,189.0 ,0.0 ,1125.0 ,613.0 ,270 ,67.11 
646,164.0 ,0.0 ,200.0 ,181.0 ,13.0 ,849.0 ,846.0 ,28 ,15.09 
647,225.0 ,0.0 ,0.0 ,181.0 ,0.0 ,1113.0 ,833.0 ,7 ,11.17 
648,250.0 ,0.0 ,95.7 ,191.8 ,5.3 ,948.9 ,857.2 ,3 ,8.49 
649,167.0 ,75.4 ,167.0 ,164.0 ,7.9 ,1007.3 ,770.1 ,28 ,41.41 
650,295.8 ,0.0 ,0.0 ,185.7 ,0.0 ,1091.4 ,769.3 ,7 ,14.84 
651,439.0 ,177.0 ,0.0 ,186.0 ,11.1 ,884.9 ,707.9 ,28 ,66.00 
652,213.7 ,98.1 ,24.5 ,181.7 ,6.9 ,1065.8 ,785.4 ,100 ,53.90 
653,167.4 ,129.9 ,128.6 ,175.5 ,7.8 ,1006.3 ,746.6 ,14 ,31.81 
654,331.0 ,0.0 ,0.0 ,192.0 ,0.0 ,978.0 ,825.0 ,3 ,13.52 
655,218.2 ,54.6 ,123.8 ,140.8 ,11.9 ,1075.7 ,792.7 ,3 ,27.42 
656,218.9 ,0.0 ,124.1 ,158.5 ,11.3 ,1078.7 ,794.9 ,28 ,30.22 
657,375.0 ,0.0 ,0.0 ,186.0 ,0.0 ,1038.0 ,758.0 ,7 ,26.06 
658,214.9 ,53.8 ,121.9 ,155.6 ,9.6 ,1014.3 ,780.6 ,56 ,53.96 
659,156.0 ,178.0 ,187.0 ,221.0 ,7.0 ,854.0 ,614.0 ,28 ,29.41 
660,349.0 ,0.0 ,0.0 ,192.0 ,0.0 ,1056.0 ,809.0 ,3 ,15.87 
661,349.0 ,0.0 ,0.0 ,192.0 ,0.0 ,1047.0 ,806.0 ,180 ,41.05 
662,252.0 ,97.0 ,76.0 ,194.0 ,8.0 ,835.0 ,821.0 ,28 ,33.40 
663,425.0 ,106.3 ,0.0 ,153.5 ,16.5 ,852.1 ,887.1 ,56 ,64.30 
664,164.2 ,0.0 ,200.1 ,181.2 ,12.6 ,849.3 ,846.0 ,28 ,15.09 
665,166.8 ,250.2 ,0.0 ,203.5 ,0.0 ,975.6 ,692.6 ,3 ,6.90 
666,362.6 ,189.0 ,0.0 ,164.9 ,11.6 ,944.7 ,755.8 ,91 ,79.30 
667,296.0 ,0.0 ,0.0 ,192.0 ,0.0 ,1085.0 ,765.0 ,28 ,21.65 
668,190.3 ,0.0 ,125.2 ,166.6 ,9.9 ,1079.0 ,798.9 ,28 ,24.85 
669,359.0 ,19.0 ,141.0 ,154.0 ,10.9 ,942.0 ,801.0 ,28 ,59.49 
670,436.0 ,0.0 ,0.0 ,218.0 ,0.0 ,838.4 ,719.7 ,28 ,23.85 
671,139.7 ,163.9 ,127.7 ,236.7 ,5.8 ,868.6 ,655.6 ,28 ,35.23 
672,427.5 ,47.5 ,0.0 ,228.0 ,0.0 ,932.0 ,594.0 ,270 ,43.01 
673,387.0 ,20.0 ,94.0 ,157.0 ,11.6 ,938.0 ,845.0 ,3 ,34.77 
674,295.7 ,0.0 ,95.6 ,171.5 ,8.9 ,955.1 ,859.2 ,56 ,48.72 
675,342.0 ,38.0 ,0.0 ,228.0 ,0.0 ,932.0 ,670.0 ,90 ,50.46 
676,516.0 ,0.0 ,0.0 ,162.0 ,8.3 ,801.0 ,802.0 ,28 ,41.37 
677,164.6 ,0.0 ,150.4 ,181.6 ,11.7 ,1023.3 ,728.9 ,28 ,18.03 
678,154.0 ,174.0 ,185.0 ,228.0 ,7.0 ,845.0 ,612.0 ,28 ,24.34 
679,439.0 ,177.0 ,0.0 ,186.0 ,11.1 ,884.9 ,707.9 ,91 ,73.30 
680,198.6 ,132.4 ,0.0 ,192.0 ,0.0 ,978.4 ,825.5 ,180 ,41.72 
681,154.0 ,144.0 ,112.0 ,220.0 ,10.0 ,923.0 ,658.0 ,28 ,16.50 
682,318.8 ,212.5 ,0.0 ,155.7 ,14.3 ,852.1 ,880.4 ,28 ,55.50 
683,148.1 ,0.0 ,182.1 ,181.4 ,15.0 ,838.9 ,884.3 ,28 ,15.53 
684,520.0 ,0.0 ,0.0 ,170.0 ,5.2 ,855.0 ,855.0 ,28 ,60.28 
685,155.0 ,184.0 ,143.0 ,194.0 ,9.0 ,880.0 ,699.0 ,28 ,28.99 
686,374.0 ,189.2 ,0.0 ,170.1 ,10.1 ,926.1 ,756.7 ,56 ,63.40 
687,170.3 ,155.5 ,0.0 ,185.7 ,0.0 ,1026.6 ,724.3 ,28 ,25.73 
688,212.0 ,0.0 ,124.8 ,159.0 ,7.8 ,1085.4 ,799.5 ,100 ,47.82 
689,397.0 ,0.0 ,0.0 ,185.7 ,0.0 ,1040.6 ,734.3 ,28 ,33.08 
690,446.0 ,24.0 ,79.0 ,162.0 ,11.6 ,967.0 ,712.0 ,3 ,25.02 
691,173.0 ,116.0 ,0.0 ,192.0 ,0.0 ,946.8 ,856.8 ,28 ,24.28 
692,446.0 ,24.0 ,79.0 ,162.0 ,11.6 ,967.0 ,712.0 ,56 ,56.14 
693,297.8 ,137.2 ,106.9 ,201.3 ,6.0 ,878.4 ,655.3 ,28 ,53.52 
694,132.0 ,207.0 ,161.0 ,179.0 ,5.0 ,867.0 ,736.0 ,28 ,33.30 
695,279.8 ,128.9 ,100.4 ,172.4 ,9.5 ,825.1 ,804.9 ,28 ,52.83 
696,194.7 ,0.0 ,100.5 ,165.6 ,7.5 ,1006.4 ,905.9 ,56 ,33.96 
697,333.0 ,0.0 ,0.0 ,192.0 ,0.0 ,931.2 ,842.6 ,3 ,15.62 
698,310.0 ,0.0 ,0.0 ,192.0 ,0.0 ,1012.0 ,830.0 ,120 ,38.70 
699,424.0 ,22.0 ,132.0 ,168.0 ,8.9 ,822.0 ,750.0 ,28 ,72.10 
700,238.1 ,0.0 ,94.1 ,186.7 ,7.0 ,949.9 ,847.0 ,100 ,44.30 
701,231.8 ,0.0 ,121.6 ,174.0 ,6.7 ,1056.4 ,778.5 ,14 ,26.77 
702,273.0 ,105.0 ,82.0 ,210.0 ,9.0 ,904.0 ,680.0 ,28 ,37.17 
703,376.0 ,0.0 ,0.0 ,214.6 ,0.0 ,1003.5 ,762.4 ,28 ,31.97 
704,331.0 ,170.0 ,0.0 ,195.0 ,8.0 ,811.0 ,802.0 ,28 ,56.61 
705,379.5 ,151.2 ,0.0 ,153.9 ,15.9 ,1134.3 ,605.0 ,3 ,28.60 
706,143.0 ,169.4 ,142.7 ,190.7 ,8.4 ,967.4 ,643.5 ,28 ,29.73 
707,212.6 ,0.0 ,100.4 ,159.4 ,10.4 ,1003.8 ,903.8 ,14 ,25.37 
708,133.0 ,200.0 ,0.0 ,192.0 ,0.0 ,927.4 ,839.2 ,28 ,27.87 
709,375.0 ,93.8 ,0.0 ,126.6 ,23.4 ,852.1 ,992.6 ,7 ,45.70 
710,389.9 ,189.0 ,0.0 ,145.9 ,22.0 ,944.7 ,755.8 ,91 ,82.60 
711,305.0 ,0.0 ,100.0 ,196.0 ,10.0 ,959.0 ,705.0 ,28 ,30.12 
712,339.0 ,0.0 ,0.0 ,185.0 ,0.0 ,1069.0 ,754.0 ,7 ,21.16 
713,254.0 ,0.0 ,0.0 ,198.0 ,0.0 ,968.0 ,863.0 ,3 ,9.31 
714,231.8 ,0.0 ,121.6 ,174.0 ,6.7 ,1056.4 ,778.5 ,56 ,42.70 
715,264.5 ,111.0 ,86.5 ,195.5 ,5.9 ,832.6 ,790.4 ,28 ,41.54 
716,190.3 ,0.0 ,125.2 ,161.9 ,9.9 ,1088.1 ,802.6 ,14 ,22.72 
717,153.0 ,102.0 ,0.0 ,192.0 ,0.0 ,888.0 ,943.1 ,7 ,8.37 
718,339.0 ,0.0 ,0.0 ,197.0 ,0.0 ,968.0 ,781.0 ,90 ,35.17 
719,313.8 ,0.0 ,112.6 ,169.9 ,10.1 ,925.3 ,782.9 ,28 ,38.46 
720,321.0 ,0.0 ,128.0 ,182.0 ,11.0 ,870.0 ,780.0 ,28 ,37.26 
721,374.0 ,0.0 ,0.0 ,190.0 ,7.0 ,1013.0 ,730.0 ,28 ,39.05 
722,250.2 ,166.8 ,0.0 ,203.5 ,0.0 ,977.6 ,694.1 ,90 ,47.71 
723,182.0 ,45.2 ,122.0 ,170.2 ,8.2 ,1059.4 ,780.7 ,3 ,7.32 
724,183.9 ,122.6 ,0.0 ,203.5 ,0.0 ,959.2 ,800.0 ,7 ,10.79 
725,379.5 ,151.2 ,0.0 ,153.9 ,15.9 ,1134.3 ,605.0 ,28 ,52.20 
726,298.1 ,0.0 ,107.5 ,163.6 ,12.8 ,953.2 ,784.0 ,28 ,35.87 
727,296.0 ,0.0 ,107.0 ,221.0 ,11.0 ,819.0 ,778.0 ,28 ,31.42 
728,182.0 ,45.2 ,122.0 ,170.2 ,8.2 ,1059.4 ,780.7 ,100 ,48.67 
729,446.0 ,24.0 ,79.0 ,162.0 ,11.6 ,967.0 ,712.0 ,7 ,52.01 
730,297.2 ,0.0 ,117.5 ,174.8 ,9.5 ,1022.8 ,753.5 ,56 ,51.96 
731,339.0 ,0.0 ,0.0 ,197.0 ,0.0 ,968.0 ,781.0 ,365 ,38.89 
732,322.0 ,0.0 ,0.0 ,203.0 ,0.0 ,974.0 ,800.0 ,180 ,29.59 
733,144.0 ,0.0 ,175.0 ,158.0 ,18.0 ,943.0 ,844.0 ,28 ,15.42 
734,379.5 ,151.2 ,0.0 ,153.9 ,15.9 ,1134.3 ,605.0 ,56 ,54.90 
735,313.3 ,0.0 ,113.0 ,178.5 ,8.0 ,1001.9 ,688.7 ,28 ,36.80 
736,531.3 ,0.0 ,0.0 ,141.8 ,28.2 ,852.1 ,893.7 ,56 ,58.80 
737,469.0 ,117.2 ,0.0 ,137.8 ,32.2 ,852.1 ,840.5 ,56 ,69.30 
738,355.0 ,19.0 ,97.0 ,145.0 ,12.3 ,967.0 ,871.0 ,28 ,55.45 
739,218.2 ,54.6 ,123.8 ,140.8 ,11.9 ,1075.7 ,792.7 ,56 ,61.99 
740,229.7 ,0.0 ,118.2 ,195.2 ,6.1 ,1028.1 ,757.6 ,3 ,13.36 
741,166.1 ,0.0 ,163.3 ,176.5 ,4.5 ,1058.6 ,780.1 ,56 ,28.63 
742,387.0 ,20.0 ,94.0 ,157.0 ,13.9 ,938.0 ,845.0 ,3 ,25.51 
743,480.0 ,0.0 ,0.0 ,192.0 ,0.0 ,936.2 ,712.2 ,7 ,34.57 
744,387.0 ,20.0 ,94.0 ,157.0 ,13.9 ,938.0 ,845.0 ,56 ,47.97 
745,491.0 ,26.0 ,123.0 ,210.0 ,3.9 ,882.0 ,699.0 ,7 ,33.49 
746,349.0 ,0.0 ,0.0 ,192.0 ,0.0 ,1056.0 ,809.0 ,7 ,9.01 
747,298.1 ,0.0 ,107.0 ,186.4 ,6.1 ,879.0 ,815.2 ,28 ,42.64 
748,155.0 ,0.0 ,143.0 ,193.0 ,9.0 ,877.0 ,868.0 ,28 ,9.74 
749,349.0 ,0.0 ,0.0 ,192.0 ,0.0 ,1056.0 ,809.0 ,28 ,33.61 
750,212.6 ,0.0 ,100.4 ,159.4 ,10.4 ,1003.8 ,903.8 ,3 ,13.33 
751,295.7 ,0.0 ,95.6 ,171.5 ,8.9 ,955.1 ,859.2 ,28 ,39.94 
752,167.4 ,129.9 ,128.6 ,175.5 ,7.8 ,1006.3 ,746.6 ,56 ,51.72 
753,277.0 ,0.0 ,0.0 ,191.0 ,0.0 ,968.0 ,856.0 ,180 ,32.33 
754,296.0 ,0.0 ,0.0 ,192.0 ,0.0 ,1085.0 ,765.0 ,90 ,29.39 
755,381.4 ,0.0 ,0.0 ,185.7 ,0.0 ,1104.6 ,784.3 ,7 ,14.54 
756,500.0 ,0.0 ,0.0 ,200.0 ,0.0 ,1125.0 ,613.0 ,7 ,33.21 
757,500.0 ,0.0 ,0.0 ,200.0 ,0.0 ,1125.0 ,613.0 ,270 ,55.16 
758,213.5 ,0.0 ,174.2 ,154.6 ,11.7 ,1052.3 ,775.5 ,14 ,33.70 
759,350.0 ,0.0 ,0.0 ,203.0 ,0.0 ,974.0 ,775.0 ,56 ,29.98 
760,203.5 ,305.3 ,0.0 ,203.5 ,0.0 ,963.4 ,630.0 ,3 ,9.56 
761,475.0 ,0.0 ,0.0 ,162.0 ,9.5 ,1044.0 ,662.0 ,28 ,58.52 
762,356.0 ,0.0 ,142.0 ,193.0 ,11.0 ,801.0 ,778.0 ,28 ,40.87 
763,212.1 ,0.0 ,121.6 ,180.3 ,5.7 ,1057.6 ,779.3 ,56 ,34.20 
764,388.6 ,97.1 ,0.0 ,157.9 ,12.1 ,852.1 ,925.7 ,3 ,28.10 
765,190.3 ,0.0 ,125.2 ,161.9 ,9.9 ,1088.1 ,802.6 ,28 ,28.47 
766,385.0 ,0.0 ,0.0 ,186.0 ,0.0 ,966.0 ,763.0 ,3 ,14.70 
767,425.0 ,106.3 ,0.0 ,153.5 ,16.5 ,852.1 ,887.1 ,91 ,65.20 
768,250.2 ,166.8 ,0.0 ,203.5 ,0.0 ,977.6 ,694.1 ,7 ,19.35 
769,380.0 ,95.0 ,0.0 ,228.0 ,0.0 ,932.0 ,594.0 ,90 ,40.56 
770,362.6 ,189.0 ,0.0 ,164.9 ,11.6 ,944.7 ,755.8 ,3 ,35.30 
771,222.4 ,0.0 ,96.7 ,189.3 ,4.5 ,967.1 ,870.3 ,3 ,11.58 
772,310.0 ,142.8 ,0.0 ,167.9 ,10.0 ,914.3 ,804.0 ,28 ,45.30 
773,310.0 ,0.0 ,0.0 ,192.0 ,0.0 ,970.0 ,850.0 ,28 ,27.92 
774,122.6 ,183.9 ,0.0 ,203.5 ,0.0 ,958.2 ,800.1 ,7 ,10.35 
775,164.0 ,163.0 ,128.0 ,197.0 ,8.0 ,961.0 ,641.0 ,28 ,27.23 
776,312.7 ,144.7 ,0.0 ,127.3 ,8.0 ,999.7 ,822.2 ,28 ,44.52 
777,214.9 ,53.8 ,121.9 ,155.6 ,9.6 ,1014.3 ,780.6 ,14 ,38.60 
778,251.4 ,0.0 ,118.3 ,192.9 ,5.8 ,1043.6 ,754.3 ,56 ,39.27 
779,528.0 ,0.0 ,0.0 ,185.0 ,6.9 ,920.0 ,720.0 ,28 ,56.83 
780,213.8 ,98.1 ,24.5 ,181.7 ,6.7 ,1066.0 ,785.5 ,100 ,49.97 
781,389.9 ,189.0 ,0.0 ,145.9 ,22.0 ,944.7 ,755.8 ,7 ,59.09 
782,314.0 ,0.0 ,113.0 ,170.0 ,10.0 ,925.0 ,783.0 ,28 ,38.46 
783,143.0 ,169.0 ,143.0 ,191.0 ,8.0 ,967.0 ,643.0 ,28 ,29.72 
784,151.6 ,0.0 ,111.9 ,184.4 ,7.9 ,992.0 ,815.9 ,28 ,12.18 
785,290.4 ,0.0 ,96.2 ,168.1 ,9.4 ,961.2 ,865.0 ,28 ,34.74 
786,289.0 ,0.0 ,0.0 ,192.0 ,0.0 ,913.2 ,895.3 ,90 ,32.07 
787,148.0 ,0.0 ,182.0 ,181.0 ,15.0 ,839.0 ,884.0 ,28 ,15.52 
788,304.0 ,76.0 ,0.0 ,228.0 ,0.0 ,932.0 ,670.0 ,90 ,49.19 
789,218.9 ,0.0 ,124.1 ,158.5 ,11.3 ,1078.7 ,794.9 ,100 ,46.23 
790,173.8 ,93.4 ,159.9 ,172.3 ,9.7 ,1007.2 ,746.6 ,56 ,48.99 
791,531.3 ,0.0 ,0.0 ,141.8 ,28.2 ,852.1 ,893.7 ,3 ,41.30 
792,289.0 ,0.0 ,0.0 ,192.0 ,0.0 ,913.2 ,895.3 ,7 ,14.60 
793,212.0 ,141.3 ,0.0 ,203.5 ,0.0 ,973.4 ,750.0 ,90 ,39.70 
794,255.0 ,99.0 ,77.0 ,189.0 ,6.0 ,919.0 ,749.0 ,28 ,33.80 
795,200.0 ,133.0 ,0.0 ,192.0 ,0.0 ,965.4 ,806.2 ,7 ,17.17 
796,190.3 ,0.0 ,125.2 ,166.6 ,9.9 ,1079.0 ,798.9 ,56 ,31.72 
797,108.3 ,162.4 ,0.0 ,203.5 ,0.0 ,938.2 ,849.0 ,28 ,20.59 
798,362.6 ,189.0 ,0.0 ,164.9 ,11.6 ,944.7 ,755.8 ,28 ,71.30 
799,304.0 ,76.0 ,0.0 ,228.0 ,0.0 ,932.0 ,670.0 ,28 ,47.81 
800,159.1 ,186.7 ,0.0 ,175.6 ,11.3 ,989.6 ,788.9 ,28 ,32.77 
801,190.3 ,0.0 ,125.2 ,161.9 ,9.9 ,1088.1 ,802.6 ,100 ,40.39 
802,152.0 ,0.0 ,112.0 ,184.0 ,8.0 ,992.0 ,816.0 ,28 ,12.18 
803,310.0 ,0.0 ,0.0 ,192.0 ,0.0 ,1012.0 ,830.0 ,7 ,17.24 
804,250.0 ,0.0 ,95.7 ,187.4 ,5.5 ,956.9 ,861.2 ,100 ,42.35 
805,194.7 ,0.0 ,100.5 ,170.2 ,7.5 ,998.0 ,901.8 ,100 ,44.28 
806,491.0 ,26.0 ,123.0 ,210.0 ,3.9 ,882.0 ,699.0 ,28 ,55.55 
807,362.6 ,189.0 ,0.0 ,164.9 ,11.6 ,944.7 ,755.8 ,56 ,77.30 
808,280.0 ,129.0 ,100.0 ,172.0 ,9.0 ,825.0 ,805.0 ,28 ,52.82 
809,190.7 ,0.0 ,125.4 ,162.1 ,7.8 ,1090.0 ,804.0 ,3 ,15.04 
810,331.0 ,0.0 ,0.0 ,192.0 ,0.0 ,1025.0 ,821.0 ,28 ,31.74 
811,380.0 ,95.0 ,0.0 ,228.0 ,0.0 ,932.0 ,594.0 ,7 ,32.82 
812,213.7 ,0.0 ,174.7 ,154.8 ,10.2 ,1053.5 ,776.4 ,14 ,33.73 
813,181.4 ,0.0 ,167.0 ,169.6 ,7.6 ,1055.6 ,777.8 ,28 ,27.77 
814,236.0 ,157.0 ,0.0 ,192.0 ,0.0 ,972.6 ,749.1 ,3 ,13.57 
815,254.0 ,0.0 ,0.0 ,198.0 ,0.0 ,968.0 ,863.0 ,365 ,29.79 
816,339.0 ,0.0 ,0.0 ,197.0 ,0.0 ,968.0 ,781.0 ,7 ,20.97 
817,141.9 ,166.6 ,129.7 ,173.5 ,10.9 ,882.6 ,785.3 ,28 ,44.61 
818,173.5 ,50.1 ,173.5 ,164.8 ,6.5 ,1006.2 ,793.5 ,14 ,33.01 
819,405.0 ,0.0 ,0.0 ,175.0 ,0.0 ,1120.0 ,695.0 ,28 ,52.30 
820,135.0 ,105.0 ,193.0 ,196.0 ,6.0 ,965.0 ,643.0 ,28 ,21.91 
821,230.0 ,0.0 ,118.3 ,195.5 ,4.6 ,1029.4 ,758.6 ,28 ,24.48 
822,475.0 ,118.8 ,0.0 ,181.1 ,8.9 ,852.1 ,781.5 ,91 ,74.19 
823,304.0 ,140.0 ,0.0 ,214.0 ,6.0 ,895.0 ,722.0 ,28 ,33.42 
824,139.6 ,209.4 ,0.0 ,192.0 ,0.0 ,1047.0 ,806.9 ,180 ,44.21 
825,540.0 ,0.0 ,0.0 ,162.0 ,2.5 ,1055.0 ,676.0 ,28 ,61.89 
826,540.0 ,0.0 ,0.0 ,173.0 ,0.0 ,1125.0 ,613.0 ,28 ,67.31 
827,362.6 ,189.0 ,0.0 ,164.9 ,11.6 ,944.7 ,755.8 ,28 ,71.30 
828,200.0 ,133.0 ,0.0 ,192.0 ,0.0 ,965.4 ,806.2 ,90 ,43.25 
829,286.3 ,200.9 ,0.0 ,144.7 ,11.2 ,1004.6 ,803.7 ,3 ,24.40 
830,323.7 ,282.8 ,0.0 ,183.8 ,10.3 ,942.7 ,659.9 ,7 ,49.80 
831,362.6 ,189.0 ,0.0 ,164.9 ,11.6 ,944.7 ,755.8 ,7 ,55.90 
832,168.0 ,42.1 ,163.8 ,121.8 ,5.7 ,1058.7 ,780.1 ,56 ,32.85 
833,190.0 ,190.0 ,0.0 ,228.0 ,0.0 ,932.0 ,670.0 ,90 ,42.33 
834,231.8 ,0.0 ,121.6 ,174.0 ,6.7 ,1056.4 ,778.5 ,3 ,15.44 
835,146.5 ,114.6 ,89.3 ,201.9 ,8.8 ,860.0 ,829.5 ,28 ,19.99 
836,190.7 ,0.0 ,125.4 ,162.1 ,7.8 ,1090.0 ,804.0 ,100 ,40.57 
837,475.0 ,0.0 ,0.0 ,228.0 ,0.0 ,932.0 ,594.0 ,180 ,42.62 
838,304.0 ,76.0 ,0.0 ,228.0 ,0.0 ,932.0 ,670.0 ,365 ,55.26 
839,190.0 ,190.0 ,0.0 ,228.0 ,0.0 ,932.0 ,670.0 ,270 ,50.66 
840,297.2 ,0.0 ,117.5 ,174.8 ,9.5 ,1022.8 ,753.5 ,14 ,36.99 
841,281.0 ,0.0 ,0.0 ,185.0 ,0.0 ,1104.0 ,774.0 ,28 ,22.44 
842,277.0 ,0.0 ,0.0 ,191.0 ,0.0 ,968.0 ,856.0 ,90 ,31.25 
843,213.7 ,98.1 ,24.5 ,181.7 ,6.9 ,1065.8 ,785.4 ,14 ,30.39 
844,425.0 ,106.3 ,0.0 ,151.4 ,18.6 ,936.0 ,803.7 ,28 ,61.80 
845,236.0 ,0.0 ,0.0 ,194.0 ,0.0 ,968.0 ,885.0 ,14 ,12.84 
846,313.3 ,262.2 ,0.0 ,175.5 ,8.6 ,1046.9 ,611.8 ,3 ,28.80 
847,388.6 ,97.1 ,0.0 ,157.9 ,12.1 ,852.1 ,925.7 ,91 ,57.60 
848,300.0 ,0.0 ,0.0 ,184.0 ,0.0 ,1075.0 ,795.0 ,28 ,26.85 
849,203.5 ,305.3 ,0.0 ,203.5 ,0.0 ,963.4 ,630.0 ,28 ,41.68 
850,229.7 ,0.0 ,118.2 ,195.2 ,6.1 ,1028.1 ,757.6 ,100 ,40.86 
851,295.7 ,0.0 ,95.6 ,171.5 ,8.9 ,955.1 ,859.2 ,3 ,22.95 
852,313.0 ,0.0 ,113.0 ,178.0 ,8.0 ,1002.0 ,689.0 ,28 ,36.80 
853,194.7 ,0.0 ,100.5 ,165.6 ,7.5 ,1006.4 ,905.9 ,14 ,24.99 
854,165.0 ,0.0 ,143.6 ,163.8 ,0.0 ,1005.6 ,900.9 ,56 ,36.56 
855,133.0 ,200.0 ,0.0 ,192.0 ,0.0 ,927.4 ,839.2 ,7 ,13.66 
856,212.6 ,0.0 ,100.4 ,159.4 ,10.4 ,1003.8 ,903.8 ,28 ,37.40 
857,144.0 ,15.0 ,195.0 ,176.0 ,6.0 ,1021.0 ,709.0 ,28 ,15.34 
858,150.9 ,0.0 ,183.9 ,166.6 ,11.6 ,991.2 ,772.2 ,28 ,15.57 
859,331.0 ,0.0 ,0.0 ,192.0 ,0.0 ,978.0 ,825.0 ,180 ,39.00 
860,337.9 ,189.0 ,0.0 ,174.9 ,9.5 ,944.7 ,755.8 ,91 ,67.80 
861,393.0 ,0.0 ,0.0 ,192.0 ,0.0 ,940.0 ,758.0 ,90 ,48.79 
862,446.0 ,24.0 ,79.0 ,162.0 ,11.6 ,967.0 ,712.0 ,28 ,44.42 
863,389.9 ,189.0 ,0.0 ,145.9 ,22.0 ,944.7 ,755.8 ,28 ,74.50 
864,251.4 ,0.0 ,118.3 ,188.5 ,6.4 ,1028.4 ,757.7 ,3 ,13.12 
865,313.0 ,145.0 ,0.0 ,178.0 ,8.0 ,1002.0 ,689.0 ,28 ,41.05 
866,190.7 ,0.0 ,125.4 ,162.1 ,7.8 ,1090.0 ,804.0 ,14 ,21.06 
867,149.0 ,118.0 ,92.0 ,183.0 ,7.0 ,953.0 ,780.0 ,28 ,23.52 
868,165.0 ,0.0 ,143.6 ,163.8 ,0.0 ,1005.6 ,900.9 ,3 ,14.40 
869,260.9 ,100.5 ,78.3 ,200.6 ,8.6 ,864.5 ,761.5 ,28 ,32.40 
870,155.6 ,243.5 ,0.0 ,180.3 ,10.7 ,1022.0 ,697.7 ,28 ,37.36 
871,277.1 ,0.0 ,97.4 ,160.6 ,11.8 ,973.9 ,875.6 ,56 ,51.04 
872,387.0 ,20.0 ,94.0 ,157.0 ,11.6 ,938.0 ,845.0 ,7 ,41.67 
873,342.0 ,38.0 ,0.0 ,228.0 ,0.0 ,932.0 ,670.0 ,365 ,56.14 
874,233.8 ,0.0 ,94.6 ,197.9 ,4.6 ,947.0 ,852.2 ,3 ,10.38 
875,362.6 ,189.0 ,0.0 ,164.9 ,11.6 ,944.7 ,755.8 ,28 ,71.30 
876,331.0 ,0.0 ,0.0 ,192.0 ,0.0 ,978.0 ,825.0 ,28 ,31.45 
877,213.5 ,0.0 ,174.2 ,159.2 ,11.7 ,1043.6 ,771.9 ,3 ,15.61 
878,425.0 ,106.3 ,0.0 ,151.4 ,18.6 ,936.0 ,803.7 ,7 ,46.80 
879,290.4 ,0.0 ,96.2 ,168.1 ,9.4 ,961.2 ,865.0 ,14 ,34.67 
880,500.0 ,0.0 ,0.0 ,200.0 ,0.0 ,1125.0 ,613.0 ,90 ,47.22 
881,228.0 ,342.1 ,0.0 ,185.7 ,0.0 ,955.8 ,674.3 ,7 ,21.92 
882,236.0 ,0.0 ,0.0 ,194.0 ,0.0 ,968.0 ,885.0 ,28 ,18.42 
883,277.2 ,97.8 ,24.5 ,160.7 ,11.2 ,1061.7 ,782.5 ,14 ,47.71 
884,252.0 ,0.0 ,0.0 ,185.0 ,0.0 ,1111.0 ,784.0 ,28 ,19.69 
885,210.7 ,316.1 ,0.0 ,185.7 ,0.0 ,977.0 ,689.3 ,7 ,21.82 
886,359.0 ,19.0 ,141.0 ,154.0 ,10.9 ,942.0 ,801.0 ,3 ,23.64 
887,480.0 ,0.0 ,0.0 ,192.0 ,0.0 ,936.2 ,712.2 ,90 ,54.32 
888,540.0 ,0.0 ,0.0 ,173.0 ,0.0 ,1125.0 ,613.0 ,14 ,59.76 
889,218.9 ,0.0 ,124.1 ,158.5 ,11.3 ,1078.7 ,794.9 ,56 ,37.27 
890,147.0 ,115.0 ,89.0 ,202.0 ,9.0 ,860.0 ,829.0 ,28 ,19.99 
891,168.0 ,42.1 ,163.8 ,121.8 ,5.7 ,1058.7 ,780.1 ,28 ,24.24 
892,525.0 ,0.0 ,0.0 ,189.0 ,0.0 ,1125.0 ,613.0 ,90 ,58.78 
893,212.1 ,0.0 ,121.6 ,180.3 ,5.7 ,1057.6 ,779.3 ,28 ,24.90 
894,339.2 ,0.0 ,0.0 ,185.7 ,0.0 ,1069.2 ,754.3 ,7 ,21.18 
895,475.0 ,118.8 ,0.0 ,181.1 ,8.9 ,852.1 ,781.5 ,56 ,72.30 
896,288.0 ,192.0 ,0.0 ,192.0 ,0.0 ,932.0 ,717.8 ,90 ,50.53 
897,145.0 ,116.0 ,119.0 ,184.0 ,5.7 ,833.0 ,880.0 ,28 ,29.16 
898,135.7 ,203.5 ,0.0 ,185.7 ,0.0 ,1076.2 ,759.3 ,7 ,7.51 
899,173.8 ,93.4 ,159.9 ,172.3 ,9.7 ,1007.2 ,746.6 ,100 ,50.94 
900,212.6 ,0.0 ,100.4 ,159.4 ,10.4 ,1003.8 ,903.8 ,100 ,47.74 
901,251.4 ,0.0 ,118.3 ,192.9 ,5.8 ,1043.6 ,754.3 ,14 ,20.73 
902,425.0 ,106.3 ,0.0 ,151.4 ,18.6 ,936.0 ,803.7 ,91 ,66.70 
903,254.0 ,0.0 ,0.0 ,198.0 ,0.0 ,968.0 ,863.0 ,90 ,26.94 
904,146.0 ,230.0 ,0.0 ,202.0 ,3.0 ,827.0 ,872.0 ,28 ,33.06 
905,148.5 ,139.4 ,108.6 ,192.7 ,6.1 ,892.4 ,780.0 ,28 ,23.70 
906,290.2 ,193.5 ,0.0 ,185.7 ,0.0 ,998.2 ,704.3 ,7 ,21.86 
907,382.0 ,0.0 ,0.0 ,186.0 ,0.0 ,1111.0 ,784.0 ,7 ,11.47 
908,165.0 ,0.0 ,143.6 ,163.8 ,0.0 ,1005.6 ,900.9 ,100 ,37.96 
909,531.3 ,0.0 ,0.0 ,141.8 ,28.2 ,852.1 ,893.7 ,7 ,46.90 
910,198.6 ,132.4 ,0.0 ,192.0 ,0.0 ,978.4 ,825.5 ,360 ,44.30 
911,277.0 ,0.0 ,0.0 ,191.0 ,0.0 ,968.0 ,856.0 ,360 ,33.70 
912,151.0 ,0.0 ,185.0 ,167.0 ,16.0 ,1074.0 ,678.0 ,28 ,13.46 
913,166.1 ,0.0 ,163.3 ,176.5 ,4.5 ,1058.6 ,780.1 ,28 ,21.54 
914,250.0 ,0.0 ,95.7 ,187.4 ,5.5 ,956.9 ,861.2 ,28 ,29.22 
915,192.0 ,288.0 ,0.0 ,192.0 ,0.0 ,929.8 ,716.1 ,90 ,50.73 
916,214.9 ,53.8 ,121.9 ,155.6 ,9.6 ,1014.3 ,780.6 ,100 ,56.63 
917,277.1 ,0.0 ,97.4 ,160.6 ,11.8 ,973.9 ,875.6 ,3 ,23.14 
918,286.3 ,200.9 ,0.0 ,144.7 ,11.2 ,1004.6 ,803.7 ,56 ,72.99 
919,237.5 ,237.5 ,0.0 ,228.0 ,0.0 ,932.0 ,594.0 ,90 ,33.12 
920,178.0 ,129.8 ,118.6 ,179.9 ,3.6 ,1007.3 ,746.8 ,100 ,49.99 
921,190.0 ,190.0 ,0.0 ,228.0 ,0.0 ,932.0 ,670.0 ,365 ,53.69 
922,339.0 ,0.0 ,0.0 ,197.0 ,0.0 ,968.0 ,781.0 ,14 ,27.04 
923,359.0 ,19.0 ,141.0 ,154.0 ,10.9 ,942.0 ,801.0 ,28 ,62.94 
924,427.5 ,47.5 ,0.0 ,228.0 ,0.0 ,932.0 ,594.0 ,365 ,43.70 
925,136.4 ,161.6 ,125.8 ,171.6 ,10.4 ,922.6 ,764.4 ,28 ,29.07 
926,190.0 ,190.0 ,0.0 ,228.0 ,0.0 ,932.0 ,670.0 ,28 ,40.86 
927,145.4 ,0.0 ,178.9 ,201.7 ,7.8 ,824.0 ,868.7 ,28 ,10.54 
928,313.3 ,145.0 ,0.0 ,178.5 ,8.0 ,1001.9 ,688.7 ,28 ,41.05 
929,275.1 ,0.0 ,121.4 ,159.5 ,9.9 ,1053.6 ,777.5 ,3 ,23.80 
930,266.0 ,114.0 ,0.0 ,228.0 ,0.0 ,932.0 ,670.0 ,180 ,48.70 
931,380.0 ,0.0 ,0.0 ,228.0 ,0.0 ,932.0 ,670.0 ,180 ,53.10 
932,540.0 ,0.0 ,0.0 ,173.0 ,0.0 ,1125.0 ,613.0 ,3 ,41.64 
933,108.3 ,162.4 ,0.0 ,203.5 ,0.0 ,938.2 ,849.0 ,3 ,2.33 
934,382.0 ,0.0 ,0.0 ,186.0 ,0.0 ,1047.0 ,739.0 ,7 ,24.00 
935,277.2 ,97.8 ,24.5 ,160.7 ,11.2 ,1061.7 ,782.5 ,100 ,66.95 
936,190.3 ,0.0 ,125.2 ,166.6 ,9.9 ,1079.0 ,798.9 ,14 ,19.42 
937,249.1 ,0.0 ,98.8 ,158.1 ,12.8 ,987.8 ,889.0 ,28 ,30.85 
938,272.8 ,105.1 ,81.8 ,209.7 ,9.0 ,904.0 ,679.7 ,28 ,37.17 
939,222.4 ,0.0 ,96.7 ,189.3 ,4.5 ,967.1 ,870.3 ,100 ,40.71 
940,133.0 ,200.0 ,0.0 ,192.0 ,0.0 ,927.4 ,839.2 ,3 ,6.88 
941,229.7 ,0.0 ,118.2 ,195.2 ,6.1 ,1028.1 ,757.6 ,14 ,22.32 
942,218.9 ,0.0 ,124.1 ,158.5 ,11.3 ,1078.7 ,794.9 ,14 ,26.05 
943,289.0 ,0.0 ,0.0 ,192.0 ,0.0 ,913.2 ,895.3 ,3 ,11.65 
944,236.0 ,0.0 ,0.0 ,193.0 ,0.0 ,968.0 ,885.0 ,180 ,24.10 
945,150.0 ,237.0 ,0.0 ,174.0 ,12.0 ,1069.0 ,675.0 ,28 ,37.43 
946,238.1 ,0.0 ,94.1 ,186.7 ,7.0 ,949.9 ,847.0 ,3 ,19.93 
947,167.0 ,75.4 ,167.0 ,164.0 ,7.9 ,1007.3 ,770.1 ,56 ,53.46 
948,236.0 ,157.0 ,0.0 ,192.0 ,0.0 ,972.6 ,749.1 ,28 ,32.88 
949,446.0 ,24.0 ,79.0 ,162.0 ,10.3 ,967.0 ,712.0 ,28 ,53.39 
950,255.5 ,170.3 ,0.0 ,185.7 ,0.0 ,1026.6 ,724.3 ,7 ,17.24 
951,222.4 ,0.0 ,96.7 ,189.3 ,4.5 ,967.1 ,870.3 ,56 ,29.45 
952,469.0 ,117.2 ,0.0 ,137.8 ,32.2 ,852.1 ,840.5 ,28 ,66.90 
953,424.0 ,22.0 ,132.0 ,168.0 ,8.9 ,822.0 ,750.0 ,3 ,32.11 
954,250.0 ,0.0 ,95.7 ,191.8 ,5.3 ,948.9 ,857.2 ,28 ,27.22 
955,387.0 ,20.0 ,94.0 ,157.0 ,14.3 ,938.0 ,845.0 ,28 ,50.24 
956,250.0 ,0.0 ,95.7 ,191.8 ,5.3 ,948.9 ,857.2 ,100 ,41.16 
957,540.0 ,0.0 ,0.0 ,162.0 ,2.5 ,1040.0 ,676.0 ,28 ,79.99 
958,149.0 ,117.6 ,91.7 ,182.9 ,7.1 ,953.4 ,780.3 ,28 ,23.52 
959,374.0 ,189.2 ,0.0 ,170.1 ,10.1 ,926.1 ,756.7 ,91 ,64.90 
960,149.0 ,236.0 ,0.0 ,176.0 ,13.0 ,847.0 ,893.0 ,28 ,32.96 
961,323.7 ,282.8 ,0.0 ,183.8 ,10.3 ,942.7 ,659.9 ,56 ,80.20 
962,116.0 ,173.0 ,0.0 ,192.0 ,0.0 ,909.8 ,891.9 ,3 ,6.28 
963,249.1 ,0.0 ,98.8 ,158.1 ,12.8 ,987.8 ,889.0 ,100 ,51.06 
964,172.4 ,13.6 ,172.4 ,156.8 ,4.1 ,1006.3 ,856.4 ,14 ,29.75 
965,505.0 ,0.0 ,60.0 ,195.0 ,0.0 ,1030.0 ,630.0 ,28 ,64.02 
966,250.0 ,0.0 ,0.0 ,182.0 ,0.0 ,1100.0 ,820.0 ,28 ,20.87 
967,304.0 ,76.0 ,0.0 ,228.0 ,0.0 ,932.0 ,670.0 ,180 ,50.95 
968,446.0 ,24.0 ,79.0 ,162.0 ,11.6 ,967.0 ,712.0 ,7 ,38.02 
969,178.0 ,129.8 ,118.6 ,179.9 ,3.6 ,1007.3 ,746.8 ,28 ,39.16 
970,213.8 ,98.1 ,24.5 ,181.7 ,6.7 ,1066.0 ,785.5 ,56 ,47.13 
971,297.0 ,0.0 ,0.0 ,186.0 ,0.0 ,1040.0 ,734.0 ,7 ,30.96 
972,380.0 ,0.0 ,0.0 ,228.0 ,0.0 ,932.0 ,670.0 ,365 ,52.52 
973,213.5 ,0.0 ,174.2 ,154.6 ,11.7 ,1052.3 ,775.5 ,100 ,59.30 
974,252.0 ,0.0 ,0.0 ,186.0 ,0.0 ,1111.0 ,784.0 ,7 ,11.47 
975,233.8 ,0.0 ,94.6 ,197.9 ,4.6 ,947.0 ,852.2 ,56 ,27.66 
976,375.0 ,0.0 ,0.0 ,186.0 ,0.0 ,1038.0 ,758.0 ,28 ,38.21 
977,218.2 ,54.6 ,123.8 ,140.8 ,11.9 ,1075.7 ,792.7 ,14 ,35.96 
978,122.6 ,183.9 ,0.0 ,203.5 ,0.0 ,958.2 ,800.1 ,28 ,24.29 
979,260.0 ,101.0 ,78.0 ,171.0 ,10.0 ,936.0 ,763.0 ,28 ,49.77 
980,290.2 ,193.5 ,0.0 ,185.7 ,0.0 ,998.2 ,704.3 ,28 ,33.04 
981,200.0 ,133.0 ,0.0 ,192.0 ,0.0 ,965.4 ,806.2 ,28 ,30.44 
982,385.0 ,0.0 ,0.0 ,186.0 ,0.0 ,966.0 ,763.0 ,7 ,23.22 
983,284.0 ,15.0 ,141.0 ,179.0 ,5.5 ,842.0 ,801.0 ,3 ,13.40 
984,326.0 ,166.0 ,0.0 ,174.0 ,9.0 ,882.0 ,790.0 ,28 ,61.23 
985,194.7 ,0.0 ,100.5 ,165.6 ,7.5 ,1006.4 ,905.9 ,3 ,12.45 
986,388.6 ,97.1 ,0.0 ,157.9 ,12.1 ,852.1 ,925.7 ,7 ,34.90 
987,203.5 ,305.3 ,0.0 ,203.5 ,0.0 ,963.4 ,630.0 ,90 ,51.86 
988,339.0 ,0.0 ,0.0 ,197.0 ,0.0 ,968.0 ,781.0 ,3 ,13.22 
989,102.0 ,153.0 ,0.0 ,192.0 ,0.0 ,887.0 ,942.0 ,7 ,7.68 
990,155.0 ,183.0 ,0.0 ,193.0 ,9.0 ,1047.0 ,697.0 ,28 ,18.28 
991,273.0 ,0.0 ,90.0 ,199.0 ,11.0 ,931.0 ,762.0 ,28 ,32.24 
992,296.0 ,0.0 ,0.0 ,192.0 ,0.0 ,1085.0 ,765.0 ,7 ,14.20 
993,165.0 ,0.0 ,143.6 ,163.8 ,0.0 ,1005.6 ,900.9 ,14 ,16.88 
994,277.2 ,97.8 ,24.5 ,160.7 ,11.2 ,1061.7 ,782.5 ,28 ,63.14 
995,167.0 ,75.4 ,167.0 ,164.0 ,7.9 ,1007.3 ,770.1 ,100 ,56.81 
996,322.0 ,0.0 ,0.0 ,203.0 ,0.0 ,974.0 ,800.0 ,14 ,20.77 
997,387.0 ,20.0 ,94.0 ,157.0 ,11.6 ,938.0 ,845.0 ,56 ,61.46 
998,246.8 ,0.0 ,125.1 ,143.3 ,12.0 ,1086.8 ,800.9 ,14 ,42.22 
999,246.8 ,0.0 ,125.1 ,143.3 ,12.0 ,1086.8 ,800.9 ,28 ,52.50 
1000,213.5 ,0.0 ,174.2 ,159.2 ,11.7 ,1043.6 ,771.9 ,14 ,29.59 
1001,249.1 ,0.0 ,98.8 ,158.1 ,12.8 ,987.8 ,889.0 ,56 ,42.03 
1002,298.0 ,0.0 ,107.0 ,164.0 ,13.0 ,953.0 ,784.0 ,28 ,35.86 
1003,145.9 ,230.5 ,0.0 ,202.5 ,3.4 ,827.0 ,871.8 ,28 ,32.72 
1004,284.0 ,15.0 ,141.0 ,179.0 ,5.5 ,842.0 ,801.0 ,56 ,44.52 
1005,236.0 ,157.0 ,0.0 ,192.0 ,0.0 ,972.6 ,749.1 ,90 ,47.78 
1006,254.0 ,0.0 ,0.0 ,198.0 ,0.0 ,968.0 ,863.0 ,180 ,27.63 
1007,380.0 ,95.0 ,0.0 ,228.0 ,0.0 ,932.0 ,594.0 ,365 ,43.70 
1008,275.0 ,0.0 ,0.0 ,183.0 ,0.0 ,1088.0 ,808.0 ,7 ,14.20 
1009,331.0 ,0.0 ,0.0 ,192.0 ,0.0 ,1025.0 ,821.0 ,3 ,14.31 
1010,198.6 ,132.4 ,0.0 ,192.0 ,0.0 ,978.4 ,825.5 ,90 ,38.07 
1011,439.0 ,177.0 ,0.0 ,186.0 ,11.1 ,884.9 ,707.9 ,56 ,71.70 
1012,303.6 ,139.9 ,0.0 ,213.5 ,6.2 ,895.5 ,722.5 ,28 ,33.42 
1013,181.9 ,272.8 ,0.0 ,185.7 ,0.0 ,1012.4 ,714.3 ,28 ,27.94 
1014,237.5 ,237.5 ,0.0 ,228.0 ,0.0 ,932.0 ,594.0 ,7 ,26.26 
1015,336.5 ,0.0 ,0.0 ,181.9 ,3.4 ,985.8 ,816.8 ,28 ,44.87 
1016,192.0 ,288.0 ,0.0 ,192.0 ,0.0 ,929.8 ,716.1 ,28 ,39.32 
1017,451.0 ,0.0 ,0.0 ,165.0 ,11.3 ,1030.0 ,745.0 ,28 ,78.80 
1018,400.0 ,0.0 ,0.0 ,187.0 ,0.0 ,1025.0 ,745.0 ,28 ,43.70 
1019,296.0 ,0.0 ,0.0 ,186.0 ,0.0 ,1090.0 ,769.0 ,28 ,25.18 
1020,214.9 ,53.8 ,121.9 ,155.6 ,9.6 ,1014.3 ,780.6 ,28 ,52.20 
1021,469.0 ,117.2 ,0.0 ,137.8 ,32.2 ,852.1 ,840.5 ,3 ,40.20 
1022,376.0 ,0.0 ,0.0 ,214.6 ,0.0 ,1003.5 ,762.4 ,14 ,25.62 
1023,310.0 ,0.0 ,0.0 ,192.0 ,0.0 ,1012.0 ,830.0 ,3 ,11.85 
1024,213.5 ,0.0 ,174.2 ,159.2 ,11.7 ,1043.6 ,771.9 ,100 ,52.96 
1025,304.8 ,0.0 ,99.6 ,196.0 ,9.8 ,959.4 ,705.2 ,28 ,30.12 
1026,425.0 ,106.3 ,0.0 ,153.5 ,16.5 ,852.1 ,887.1 ,7 ,49.20 
1027,288.0 ,192.0 ,0.0 ,192.0 ,0.0 ,932.0 ,717.8 ,28 ,38.80 
1028,450.1 ,50.0 ,0.0 ,200.0 ,3.0 ,1124.4 ,613.2 ,28 ,39.38 
1029,362.6 ,189.0 ,0.0 ,164.9 ,11.6 ,944.7 ,755.8 ,91 ,79.30 
